FECHA	CONTRATISTA/PROVEDOR	OC	CATEGORIA	ITEM	DETALLE	UND	CANT	PRECIO	IMPORTE
11/06/2026	Aljez	449	MATERIALES	449.1	PUENTE ADHERENTE PAMAX X 28 KG	un	6,00	130.700,00	 $784.200,00
11/06/2026	Miguel Muriel	450	MANO DE OBRA	450.1	Construcción de Contrapiso en balcon de P1 y Techo de balcones Fachadas Este y Oeste.	m2	38,68	20.000,00	 $773.600,00
11/06/2026	Miguel Muriel	450	MANO DE OBRA	450.2	Construcción de Carpeta en bal con de P1 y Techo de balcones Fachadas: Este y Oeste.	m2	38,68	18.000,00	 $696.240,00
11/06/2026	Miguel Muriel	450	MANO DE OBRA	450.3	Colocación de CORROTEX en: Techos de balcones y Techo del nivel N-15. Incluye co rte de barras sobran tes en techo de sala de maquin as.	sg	1,00	200.000,00	 $200.000,00
11/06/2026	Miguel Muriel	450	MANO DE OBRA	450.4	Amure de Embudos en Azotea (N- 15). Incluye laimpe rmeabilización con Protex Seal 77 y venda.	und	14,00	50.000,00	 $700.000,00
11/06/2026	Miguel Muriel	450	MANO DE OBRA	450.5	Amure de Caños 110 en Losa de piso de la Cocina en los pisos P13 y P14	und	16,00	40.000,00	 $640.000,00
11/06/2026	Miguel Muriel	450	MANO DE OBRA	450.6	Construcción de paredes en la baulera externa al D pto. del encargado.	m2	52,56	25.000,00	 $1.314.000,00
11/06/2026	Miguel Muriel	450	MANO DE OBRA	450.7	Revoque con Mapei 3en1, en paredes de: Cocinas de los pisos: P13 y P14.	m2	182,64	18.000,00	 $3.287.520,00
11/06/2026	Miguel Muriel	450	MANO DE OBRA	450.8	Revoque con Mapei 3en1, en paredes de: Baños de lo s pisos: P3 , P4, P13 y P14.	m2	632,64	18.000,00	 $11.387.520,00
11/06/2026	Miguel Muriel	450	MANO DE OBRA	450.9	Colocación de tejuelas en Bal con de piso 2 - Fachada Este. Incluye colocación d e la pastina y el se llador.	m2	17,00	55.000,00	 $935.000,00
11/06/2026	Aljez	449	MATERIALES	449.1	PUENTE ADHERENTE PAMAX X 28 KG	und	6,00	130.700,00	 $784.200,00
10/06/2026	Maria Cabrera	544	MATERIALES	544.2	Contactor 3x 32A 2+2 24Vca 5 0/60Hz EC MON TERO	und	1,00	42.412,32	 $42.412,32
9/06/2026	Dacomat	448	MATERIALES	448.1	HORMIGON RDC 300	und	30,00	119.690,00	 $3.590.700,00
9/06/2026	Dacomat	448	MATERIALES	448.2	BOMBEO DE HORMIGON RDC 300	und	30,00	4.101,00	 $123.030,00
9/06/2026	Dacomat	448	MATERIALES	448.3	BOMBA DE ARRASTRE HORMIGON	und	1,00	451.079,00	 $451.079,00
9/06/2026	Fedan S.A.	14	MATERIALES	014.1	ZOCALOS PLAIN BLANCO MATE COD	und	141,52	6.726,82	 $951.979,57
9/06/2026	Fedan S.A.	14	MATERIALES	014.2	CONTRAMARCO SQUARE BCO.MATE 5	und	25,00	7.476,01	 $186.900,25
1/06/2026	Gloria Cristina Coronel	443	MANO DE OBRA	443.1	Revoque de espesor 6mm, aplicado a toda la superficie del Tramo 1 de la Fachada Oeste. Incluye la colocación de Adherente en toda el área	M2	247,77	 $16.800,00	 $4.162.536,00
1/06/2026	Gloria Cristina Coronel	443	MANO DE OBRA	443.2	Picar y hacer Buña, tanto en la Fachada Oeste como en la Este	ML	82,52	 $12.000,00	 $990.240,00
29/05/2026	Franchi Ruben Eduardo	536	MATERIALES	536.1	TUBO LEDs 18W BLF 220V 1.2M	und	4,00	2.876,03	 $11.504,12
9/06/2026	Tomografía de Hormigón Armado	539	SERVICIO	539.1	ESTUDIO TOMOGRAFICO DE VIGAS CO	und	1,00	17.320.000,00	 $17.320.000,00
26/05/2026	Dacomat	444	MATERIALES	444.1	Bomba de arrastre hormigón	und	1,00	451.079,00	 $451.079,00
26/05/2026	Dacomat	444	MATERIALES	444.2	Hormigón RDC 300	und	20,00	119.690,00	 $2.393.800,00
26/05/2026	Dacomat	444	MATERIALES	444.3	Bombeo de hormigon RDC 300	und	20,00	4.101,00	 $82.020,00
6/05/2026	Mairas y red construcciones S.R.L.	30	MATERIALES	030.1	INTOMAP 3 EN 1 AR BAGS X 25 KG	und	2.240,00	7.841,87	 $17.565.788,80
5/05/2026	Bara Diseño S.A.	522	MATERIALES	522.1	Pastina junta acha x 5 kg	und	7,00	12.575,84	 $88.030,88
5/05/2026	Bara Diseño S.A.	522	MATERIALES	522.2	Fletes	und	1,00	8.000,00	 $8.000,00
29/04/2026	Alfredo Rondinoni	438	SERVICIO	438.1	Alquiler de volquetes	und	4,00	100.000,00	 $400.000,00
29/04/2026	Gloria Cristina Coronel	439	MANO DE OBRA	439.1	Enchapado de paredes exteriores en fachadas	m2	250,00	14.000,00	 $3.500.000,00
29/04/2026	Daniela Paz	440	SERVICIO	440.1	Servicio de Seg. e Higiene	und	1,00	3.000.000,00	 $3.000.000,00
29/04/2026	Dacomat	518	MATERIALES	518.1	Hormigon RDC 300	und	35,00	108.317,00	 $3.791.095,00
29/04/2026	Dacomat	518	MATERIALES	518.2	Bombeo de Hormigón RDC 300	und	35,00	3.711,00	 $129.885,00
29/04/2026	Dacomat	518	MATERIALES	518.3	Bomba de arrastre hormigón	und	1,00	408.216,00	 $408.216,00
22/04/2026	Mairas y red construcciones S.R.L.	29	MATERIALES	029.1	Arena fina	und	8,00	35.885,93	 $287.087,44
22/04/2026	Mairas y red construcciones S.R.L.	29	MATERIALES	029.2	Ladrillos huecos 12x18x33	und	432,00	628,89	 $271.680,05
22/04/2026	Mairas y red construcciones S.R.L.	29	MATERIALES	029.3	Ladrillos huecos 8x18x33	und	648,00	533,58	 $345.759,84
22/04/2026	Mairas y red construcciones S.R.L.	29	MATERIALES	029.4	Mallas fibra de vidrio 5x5 rol 90grs revoque	und	4,00	38.020,86	 $152.083,44
16/04/2026	Di Toro Hnos S.A.	436	MATERIALES	436.1	Látex interior blanco x 20 l	und	4,00	63.573,02	 $254.292,08
16/04/2026	Di Toro Hnos S.A.	436	MATERIALES	436.2	Sellador fijador al agua x 20l	und	1,00	35.501,36	 $35.501,36
16/04/2026	Di Toro Hnos S.A.	436	MATERIALES	436.3	LIJA AL AGUA 150 DOBLE A	und	50,00	462,35	 $23.117,50
16/04/2026	Di Toro Hnos S.A.	436	MATERIALES	436.4	ROLLO CARTON CORRUGADO	und	5,00	11.213,55	 $56.067,75
16/04/2026	Di Toro Hnos S.A.	436	MATERIALES	436.5	CINTA PAPEL AZUL 5CM ANCHO	und	5,00	2.344,46	 $11.722,30
16/04/2026	Di Toro Hnos S.A.	436	MATERIALES	436.6	TERSUAVE ENDUIDO INT. X 10 LTS .	und	1,00	24.768,60	 $24.768,60
16/04/2026	Di Toro Hnos S.A.	436	MATERIALES	436.7	CEPILLO ALAMBRE	und	10,00	2.980,50	 $29.805,00
16/04/2026	Di Toro Hnos S.A.	436	MATERIALES	436.8	PINCELETAS No 42	und	10,00	6.414,55	 $64.145,50
15/04/2026	Mairas y Red Construcciones	28	MATERIALES	028.1	INTOMAP 3 EN 1 AR BAGS X 25 KG	und	1.120,00	7.841,88	 $8.782.905,60
14/04/2026	Fedan S.A.	13	MATERIALES	013.1	Porcelanato Vite Granza ivori	und	3,84	26.855,94	 $103.126,81
14/04/2026	Mairas y Red Construcciones	27	MATERIALES	027.1	Protex corrotex bicomponente X	und	10,00	17.634,95	 $176.349,50
14/04/2026	Segunor	434	MATERIALES	434.1	MECHA COPA DIAMANTADA SIN CERA	und	5,00	4.599,32	 $22.996,60
14/04/2026	Anibal Benitez	432	MANO DE OBRA	432.1	Latex en paredes, techos y cielorasos en el Departamento Modelo	und	100,00	13.400,00	 $1.340.000,00
13/04/2026	Constructora Fagua S.A.	513	MATERIALES	513.1	Placas durlock standard 9,5 mm	und	5,00	10.681,67	 $53.408,35
13/04/2026	Constructora Fagua S.A.	513	MATERIALES	513.2	Tornillo T1 punta mecha	und	1.000,00	23,83	 $23.830,00
13/04/2026	Constructora Fagua S.A.	513	MATERIALES	513.3	Fletes	und	1,00	20.661,15	 $20.661,15
10/04/2026	Miguel Muriel	435	MANO DE OBRA	435.1	Quitar y reponer Porcelanato en el baño Principal. Incluye recuperación de porcelanato y limpieza la pared.	m2	  6,40 	 $78.125,00	 $500.000,00
10/04/2026	Miguel Muriel	435	MANO DE OBRA	435.10	Bajar mugre del edificio y limpieza de zona del balancín 1	SG	  1,00 	 $900.000,00	 $900.000,00
10/04/2026	Miguel Muriel	435	MANO DE OBRA	435.11	Receptaculo de ducha, carpeta, colocación de porcelanato y zocalo de marmol.	SG	  1,00 	 $600.000,00	 $600.000,00
10/04/2026	Miguel Muriel	435	MANO DE OBRA	435.12	Colocación de Niveles en Terrazas para colocación de pendientes en tarraza. incluye fajas.	SG	  1,00 	 $1.500.000,00	 $1.500.000,00
10/04/2026	Miguel Muriel	435	MANO DE OBRA	435.2	Tapar caños de electricidad y Aires Acondicionado en Dpto Modelo	SG	  1,00 	 $300.000,00	 $300.000,00
10/04/2026	Miguel Muriel	435	MANO DE OBRA	435.3	Sacar dos (02) cerámicas en baño secundario rotas por personal de Enercon en caja de luz y revocar mocheta de dormitorio 3	SG	  1,00 	 $300.000,00	 $300.000,00
10/04/2026	Miguel Muriel	435	MANO DE OBRA	435.4	Sacar agua de los pisos 11-12-13-14 debido a fuerte lluvia que inundó el edificio	SG	  1,00 	 $300.000,00	 $300.000,00
10/04/2026	Miguel Muriel	435	MANO DE OBRA	435.5	Tapado de cañerias electricas sobre losa en 3 Dptos. mas Palier del Pis: 2 y en los  Pisos 3, 4 y 5 en los 4 dptos y Palier.	Und.	  15,00 	 $100.000,00	 $1.500.000,00
14/04/2026	Osvaldo Marcelo Lagos	433	SERVICIO	433.1	INSPECCION Y CERTIFICACION MEN ASCENSOR	und	3,00	190.000,00	 $570.000,00
10/04/2026	Miguel Muriel	435	MANO DE OBRA	435.6	Colocación de mochetas y Bajada de dinteles a medida de puertas, Pisos: 1,9, 10, 11, 12 , 13 y 14	Und.	  154,00 	 $45.000,00	 $6.930.000,00
10/04/2026	Miguel Muriel	435	MANO DE OBRA	435.7	Colocación de Porcelanato en balcón Fachada Oeste y Palier del piso 2.	M2	  22,00 	 $35.000,00	 $770.000,00
10/04/2026	Miguel Muriel	435	MANO DE OBRA	435.8	Carpeta Niveladora y de Terminación Rodillada en escalera principal, desde subsuelo a piso15	PISO	  14,00 	 $600.000,00	 $8.400.000,00
10/04/2026	Miguel Muriel	435	MANO DE OBRA	435.9	Construcción de mochetas de puertas de entrada a los Dptos  y ascensor en palier del piso 2. Incluye revoque y encuadre.	SG	  1,00 	 $1.500.000,00	 $1.500.000,00
8/04/2026	Mairas y Red Construcciones	25	MATERIALES	025.1	PROTEX SUPERLIGANTE X TAMBOR 200	und	1,00	917.463,21	 $917.463,21
8/04/2026	Mairas y Red Construcciones	25	MATERIALES	025.2	PROTEX IMPRIMACION S LATA X 25	und	2,00	16.233,70	 $32.467,40
8/04/2026	Fedan S.A.	12	MATERIALES	012.1	CERAMICA RECTIFICADA BLANCA SA	und	1,62	36.864,76	 $59.720,91
27/03/2026	Franchi Ruben Eduardo	500	MATERIALES	500.4	LAMPARA FOCO LED 15 W	und	15,00	3.151,24	 $47.268,60
27/03/2026	Franchi Ruben Eduardo	500	MATERIALES	500.3	WD-40 LUBRICANTE 432CC	und	4,00	3.557,85	 $14.231,40
27/03/2026	Franchi Ruben Eduardo	500	MATERIALES	500.2	SILICONA NEUTRA TRANSPARENTE	und	5,00	6.264,22	 $31.321,10
27/03/2026	Franchi Ruben Eduardo	500	MATERIALES	500.1	SILICONA ACETICA TRANSPARENTE	und	5,00	5.210,25	 $26.051,25
27/03/2026	Gomez Eliana Teraza	428	MATERIALES	428.1	ZOCALO DE CUARZO GRIS	und	1,00	80.000,00	 $80.000,00
27/03/2026	Mairas y Red Construcciones	24	MATERIALES	24.2	Ladrillos huecos 8 x 18 x 33	und	648,00	461,73	 $299.201,04
27/03/2026	Mairas y Red Construcciones	24	MATERIALES	24.1	Ladrillos huecos 12 x 18 x 33	und	432,00	591,51	 $255.532,32
27/03/2026	Mairas y Red Construcciones	23	MATERIALES	23.1	INTOMAP 3 EN 1 AR BAGS X 25 KG	und	960,00	7.950,00	 $7.632.000,00
27/03/2026	Miguel Muriel	424	MANO DE OBRA	424.1	Retiro de Membrana existente en el techo del local de exhibición, demoler carpeta, bajar escombros. retirar toda la madera. (Local 1)	m2	53,00	15.000,00	 $795.000,00
27/03/2026	Miguel Muriel	424	MANO DE OBRA	424.2	Limpieza e Hidrolavado general del techo de los Locales Comerciales. Incluye bajar suciedad, toda la madera y residuos de la superficie del techo.	m2	1.279,64	1.500,00	 $1.919.466,60
27/03/2026	Miguel Muriel	424	MANO DE OBRA	424.3	Impermeabilización en losa de techo con dos (02) manos de protex seal 77	m2	494,86	6.000,00	 $2.969.160,00
27/03/2026	Miguel Muriel	424	MANO DE OBRA	424.4	Construcción de contrapiso con pendiente, Utilizando material tipo RDC, que resista intemperie en techo, según proyecto:	m2	494,86	15.000,00	 $7.422.900,00
27/03/2026	Miguel Muriel	424	MANO DE OBRA	424.5	Relleno con cascote en el desnivel  dentro de los locales. Esp.est= 12 cm. Tapar caño de desague cloacal	m3	72,92	12.000,00	 $875.024,64
27/03/2026	Miguel Muriel	424	MANO DE OBRA	424.6	Colocación de contrapiso Carpeta RDC dentro de locales . Fratazado total.  Espesor a definir	m2	494,86	12.000,00	 $5.938.320,00
27/03/2026	Miguel Muriel	424	MANO DE OBRA	424.7	Construcción de muro para la ventilación de los baños de cada local. Incluye: Babeta con protex Seal 77 y vendas en la union losa-ladrllo y losa de techo.	und	8,00	300.000,00	 $2.400.000,00
27/03/2026	Miguel Muriel	424	MANO DE OBRA	424.8	Nivelar escalera de hormigon con carpeta rodillada niveladora, sin nariz	und	8,00	400.000,00	 $3.200.000,00
20/03/2026	Rondini Alfredo Filomeno	423	SERVICIO	423.1	Alquiler de volquetes	und	4,00	100.000,00	 $400.000,00
11/03/2026	Bara Diseño S.A.	491	MATERIALES	491.3	SELLADOR X 5 LITROS	und	2,00	240.400,68	 $480.801,36
11/03/2026	Bara Diseño S.A.	491	MATERIALES	491.2	PASTINA JUNTA ANCHA X 5KG NEGR	und	5,00	15.188,21	 $75.941,05
11/03/2026	Bara Diseño S.A.	491	MATERIALES	491.1	TEJUELA NEGRA LISA	und	17,66	34.553,26	 $610.210,57
5/03/2026	Rondini Alfredo Filomeno	422	SERVICIO	422.1	Alquiler de volquetes	und	4,00	80.000,00	 $320.000,00
5/03/2026	Mairas y Red Construcciones	22	MATERIALES	22.4	PUENTE ADHERENTE TAMBOR POR 20	und	2,00	958.749,13	 $1.917.498,26
5/03/2026	Mairas y Red Construcciones	22	MATERIALES	22.3	Ladrillos comunes	und	1.000,00	222,61	 $222.610,00
5/03/2026	Mairas y Red Construcciones	22	MATERIALES	22.2	Ladrillos huecos 12 x 18 x 33	und	432,00	679,94	 $293.734,08
5/03/2026	Mairas y Red Construcciones	22	MATERIALES	22.1	Arena fina	m3	8,00	36.028,37	 $288.226,96
27/02/2026	Dacomat	488	MATERIALES	480.3	HORMIGON RDC 300	und	35,00	103.159,00	 $3.610.565,00
27/02/2026	Dacomat	488	MATERIALES	480.2	BOMBEO DE HORMIGON RDC 300	und	35,00	3.534,00	 $123.690,00
27/02/2026	Dacomat	488	MATERIALES	480.1	BOMBA DE ARRASTRE HORMIGON	und	1,00	388.776,00	 $388.776,00
27/02/2026	Gloria Cristina Coronel	419	MANO DE OBRA	419.1	ENCHAPADO DE PAREDES EXTERNAS DEL EDIFICIO	und	350,00	14.000,00	 $4.900.000,00
27/02/2026	Fedan S.A.	11	MATERIALES	11.4	Fletes	und	1,00	29.600,00	 $29.600,00
27/02/2026	Fedan S.A.	11	MATERIALES	11.3	PORCELANATO LISCIO IVORY 1.20X	m2	21,60	32.644,07	 $705.111,91
27/02/2026	Fedan S.A.	11	MATERIALES	11.2	PORCELANATO LISCIO IVORY 1.20X	m2	21,60	32.644,07	 $705.111,91
27/02/2026	Fedan S.A.	11	MATERIALES	11.1	PORCELANATO VITE GRANZA IVORI	m2	5,76	32.644,07	 $188.029,84
27/02/2026	Miguel Muriel	410	MANO DE OBRA	410.1	Construcción de Carpeta en Balcones de Fachada Oeste: P2, P12, P13 Y P14 - Fachada Este: P1, P3, P4 Y P5	m2	77,36	18.000,00	 $1.392.480,00
27/02/2026	Miguel Muriel	410	MANO DE OBRA	410.10	Colocación de Carpeta niveladora en escalones del Módulo de Escaleras, desde PB a P2. NO Incluye: Soldar bordes a grampas,	piso	3,00	430.000,00	 $1.290.000,00
27/02/2026	Miguel Muriel	410	MANO DE OBRA	410.11	Amurar Puerta Principal de Dpto. Modelo	und	1,00	130.000,00	 $130.000,00
27/02/2026	Miguel Muriel	410	MANO DE OBRA	410.2	Reposición de Porcelanatos y Cerámicas en Dpto: Piso de Sala Comedor-Dpto Modelo y en pared de Baño exterior, por ajuste en el pto. de agua fría/caliente de la Bañera. Incluye: Corte de dos (02) cerámicas con amoladora para evitar daños en las piezs aledañas.	gl	1,00	400.000,00	 $400.000,00
27/02/2026	Miguel Muriel	410	MANO DE OBRA	410.3	Cateo de Vigas, Columnas y Losas de techo. Implica la demolición de 09 cateos más hasta llegar a las barras principales y los estribos para su estudio del soporte de los elementos estructurales (Etapa II).	und	9,00	80.000,00	 $720.000,00
27/02/2026	Miguel Muriel	410	MANO DE OBRA	410.4	Reparación de cada una de las roturas realizadas en la estructura principal del edificio, tanto en la etapa I y la etapa II. Incluye la colocación de Protex Corrotex y la reposición del hormigpon demolido con mortero PROTEX REP	und	18,00	50.000,00	 $900.000,00
27/02/2026	Miguel Muriel	410	MANO DE OBRA	410.5	Hilada de ladrllos comúnes en mocheta de las cocina de los Dptos A y B, en todo el edificio.	und	28,00	35.000,00	 $980.000,00
27/02/2026	Miguel Muriel	410	MANO DE OBRA	410.6	Impermeabilización de la unión de las paredes de la ducha con la losa del piso de las duchas de los Dptos A y B de todo el edificio. Incluye la colocación de malla entre la pared y losa de la bañera y 02 manos de protex seal 77 a una altura de 25 cm.	m2	67,62	20.000,00	 $1.352.400,00
27/02/2026	Miguel Muriel	410	MANO DE OBRA	410.7	Revoque de paredes en Cocina, para Cuatro (04) pisos: P4-P5-P6-P7. Incluye amurar las cañerias de la plomería y la electricidad.	m2	365,28	18.000,00	 $6.575.040,00
27/02/2026	Miguel Muriel	410	MANO DE OBRA	410.8	Revoque de paredes en Baños. Para Cuatro (04) pisos:P4-P5-P6-P7 . Incluye amurar las cañerias de la plomería y la electricidad.	m2	632,64	18.000,00	 $11.387.520,00
27/02/2026	Miguel Muriel	410	MANO DE OBRA	410.9	Demolición de contrapiso del piso 1. Incluye bajar escombros a P.B.	m2	318,77	9.000,00	 $2.868.930,00
19/02/2026	Annacondia Jose Maria	484	MATERIALES	484.7	DISCO CORTE HIERRO 7 ́ ́ 1.6 MM	und	20,00	2.400,00	 $48.000,00
19/02/2026	Annacondia Jose Maria	484	MATERIALES	484.6	DISCO CORTE ACERO 230X 1.9X22.	und	30,00	3.980,00	 $119.400,00
19/02/2026	Annacondia Jose Maria	484	MATERIALES	484.5	CEPILLO ALAMBRE P/AMOL D BANCO MOLA SKIL 350 W	und	5,00	14.500,00	 $72.500,00
19/02/2026	Indus Electric S.A.	483	MATERIALES	483.2	CAMARA DE INSPECCION PLASTICA	und	4,00	1.088,64	 $4.354,56
19/02/2026	Indus Electric S.A.	483	MATERIALES	483.1	JABALINA AC-COBRE 1.5 MTS 1/2"	und	4,00	9.723,02	 $38.892,08
19/02/2026	Daniela Marisol Paz	414	SERVICIO	414.1	Servicio de Seg. e Higiene	und	100,00	33.000,00	 $3.300.000,00
13/02/2026	Mairas y Red Construcciones	19	MATERIALES	19.6	ESTOPA DE LIMPIEZA POR BOLSA	und	5,00	1.579,41	 $7.897,05
13/02/2026	Mairas y Red Construcciones	19	MATERIALES	19.5	INTOMAP 3 EN 1 AR BAGS X 25 KG	und	1.600,00	6.576,00	 $10.521.600,00
13/02/2026	Mairas y Red Construcciones	19	MATERIALES	19.4	KLAUKOL ALTA PERFORMANCE X 1KG COLOR GRIS ARTICO	und	1,00	4.796,57	 $4.796,57
13/02/2026	Mairas y Red Construcciones	19	MATERIALES	19.3	KLAUKOL ALTA PERFORMANCE X1KG COLOR GRIS PLOMO	und	1,00	4.796,57	 $4.796,57
13/02/2026	Mairas y Red Construcciones	19	MATERIALES	19.2	Clavos punta parís 2 y 1/2"	und	10,00	3.723,19	 $37.231,90
13/02/2026	Mairas y Red Construcciones	19	MATERIALES	19.1	Alambre de fardo x kg	und	15,00	2.956,50	 $44.347,50
11/02/2026	Prokrete Argentina S.A.	481	MATERIALES	481.2	PROTEX 216 X KG	und	40,00	148.617,00	 $5.944.680,00
11/02/2026	Prokrete Argentina S.A.	481	MATERIALES	481.1	PROTEX FIJATEX PLUS CARTUCHO	und	15,00	51.952,00	 $779.280,00
11/02/2026	Prokrete Argentina S.A.	480	MATERIALES	480.1	PROTEX SEAL 77 FLEX BI COMPONE	und	57,00	45.418,00	 $2.588.826,00
11/02/2026	Rondini Alfredo Filomeno	406	SERVICIO	406.1	Alquiler de volquetes	und	1,00	80.000,00	 $80.000,00
6/02/2026	Fedan S.A.	9	MATERIALES	9.1	DESAGUE AGUA 2 EN 1 ATRIM DA60	und	1,00	162.808,26	 $162.808,26
6/02/2026	Fedan S.A.	8	MATERIALES	8.1	B 10 PLUS EXTRACTOR DE AIRE CA	und	2,00	70.908,28	 $141.816,56
6/02/2026	Fedan S.A.	7	MATERIALES	7.2	PASTINA PRESTIGE GRIS PERLA X	und	5,00	17.621,69	 $88.108,45
6/02/2026	Fedan S.A.	7	MATERIALES	7.1	PORCELANATO GRANZA BLACK OUT 1 CAJA 1.44M2	m2	2,88	32.724,37	 $94.246,19
6/02/2026	Fedan S.A.	6	MATERIALES	6.1	WAYRA CAMPANA EMPOTRABLE COD 2	und	1,00	214.494,40	 $214.494,40
6/02/2026	Fedan S.A.	5	MATERIALES	5.2	BACHA KIRA PLUS 35X35X13.5 CAF	und	1,00	146.277,59	 $146.277,59
6/02/2026	Fedan S.A.	5	MATERIALES	5.1	BAÑERA SACHA 140 BCA.ROCA	und	1,00	282.490,98	 $282.490,98
6/02/2026	Fedan S.A.	4	MATERIALES	4.9	THE GAP INODORO LARGO	und	2,00	339.509,30	 $679.018,60
6/02/2026	Fedan S.A.	4	MATERIALES	4.8	THE GAP DEPOSITO APOYO BCO	und	2,00	277.781,47	 $555.562,94
6/02/2026	Fedan S.A.	4	MATERIALES	4.7	THE GAP BIDE 1 OR LLUVIA 11115	und	2,00	251.705,70	 $503.411,40
6/02/2026	Fedan S.A.	4	MATERIALES	4.6	VERA BIDET CROMO MONOC 70-180	und	2,00	103.437,76	 $206.875,52
6/02/2026	Fedan S.A.	4	MATERIALES	4.5	VERA DUCHA EMB C/TRANSF MONOC	und	2,00	159.135,02	 $318.270,04
6/02/2026	Fedan S.A.	4	MATERIALES	4.4	VERA LAVATORIO PARED MONOC CRO	und	1,00	142.136,06	 $142.136,06
6/02/2026	Fedan S.A.	4	MATERIALES	4.3	BACHA BCH14 RECTANG SEMIEMB BL	und	1,00	87.825,30	 $87.825,30
6/02/2026	Fedan S.A.	4	MATERIALES	4.2	ADRA COCINA MONO CROMO 20-162	und	1,00	78.188,75	 $78.188,75
6/02/2026	Fedan S.A.	4	MATERIALES	4.11	VERA LAVATORIO BAJOMONOC CROMO	und	1,00	78.218,90	 $78.218,90
6/02/2026	Fedan S.A.	4	MATERIALES	4.10	THE GAP TAPA INODORO C/AMORTIG	und	2,00	83.388,48	 $166.776,96
6/02/2026	Fedan S.A.	4	MATERIALES	4.1	LUXOR S171 A* COMPACT(BRILL) 7	und	1,00	182.664,03	 $182.664,03
6/02/2026	Fedan S.A.	3	MATERIALES	3.4	PORCELANATO BLANCO GLACIAR 30X	m2	11,34	43.906,21	 $497.896,42
6/02/2026	Fedan S.A.	3	MATERIALES	3.3	PORCELANATO GRANZA IVO OUT 79.	m2	9,60	21.501,94	 $206.418,62
6/02/2026	Fedan S.A.	3	MATERIALES	3.2	PORCELANATO BLANCO GLACIAR 30X	m2	17,82	43.906,21	 $782.408,66
6/02/2026	Fedan S.A.	3	MATERIALES	3.1	PORCELANATO LISCIO LGR N 79,7X 61.44XP	m2	94,08	21.501,94	 $2.022.902,52
6/02/2026	Fedan S.A.	10	MATERIALES	10.2	VERA DUCHA EMB C/TRANSF MONOC	und	30,00	139.242,78	 $4.177.283,40
6/02/2026	Fedan S.A.	10	MATERIALES	10.1	VERA LAVATORIO PARED MONOC CRO	und	20,00	124.364,93	 $2.487.298,60
4/02/2026	Fedan S.A.	2	MATERIALES	2.2	DESAGUE AGUA 2 EN 1 ATRIM DA60	und	5,00	157.493,43	 $787.467,15
4/02/2026	Fedan S.A.	2	MATERIALES	2.1	PORCELANATO LISCIO LIGTH GREY	m2	13,44	26.048,69	 $350.094,39
3/02/2026	Mairas y Red Construcciones	18	MATERIALES	18.3	NYLON POLIETILENO. NEGRO 200 M	und	4,00	53.770,17	 $215.080,68
3/02/2026	Mairas y Red Construcciones	18	MATERIALES	18.2	Cemento x 25 kg BOLSA	und	160,00	5.123,94	 $819.830,40
3/02/2026	Mairas y Red Construcciones	18	MATERIALES	18.1	CAL HYDRAT X 25 KG	und	154,00	4.653,71	 $716.671,34
23/01/2026	El Galpón Sanitario	478	MATERIALES	478.7	CHAVETA PASANTE BRONCE REG.CON BOYA	und	1,00	265,48	 $265,48
23/01/2026	El Galpón Sanitario	478	MATERIALES	478.6	BOYATELGOPOR PRESION 3/4	und	1,00	5.327,59	 $5.327,59
23/01/2026	El Galpón Sanitario	478	MATERIALES	478.5	SALIDA DE TANQUE 3/4 POLIPROPI	und	1,00	2.057,59	 $2.057,59
23/01/2026	El Galpón Sanitario	478	MATERIALES	478.4	RACOR HEMBRA 3/4(ROSCA) X 3/4	und	2,00	223,87	 $447,74
23/01/2026	El Galpón Sanitario	478	MATERIALES	478.3	ESPIGA DOBLE 3/4 POLIPROPILEN	und	4,00	169,11	 $676,44
23/01/2026	El Galpón Sanitario	478	MATERIALES	478.2	CODO ESPIGA DOBLE 3/4 POLIPROP	und	5,00	260,21	 $1.301,05
23/01/2026	El Galpón Sanitario	478	MATERIALES	478.1	FLOTANTE MECANICO TANQUE 3/4 BRONCE REG.CON BOYA	und	1,00	28.244,26	 $28.244,26
21/01/2026	Annacondia Jose Maria	476	MATERIALES	476.2	BISAGRA MUNICION 100X 75MM	und	10,00	20.600,00	 $206.000,00
21/01/2026	Annacondia Jose Maria	476	MATERIALES	476.1	CANDADO No 50	und	3,00	9.858,00	 $29.574,00
21/01/2026	El Galpón Sanitario	475	MATERIALES	475.3	UNION ROSCADA DE PVC 1/2"	und	5,00	159,61	 $798,05
21/01/2026	El Galpón Sanitario	475	MATERIALES	475.2	TEE ROSCADA DE BRONCE DE 1/2"	und	5,00	4.170,36	 $20.851,80
21/01/2026	El Galpón Sanitario	475	MATERIALES	475.1	CANILLA METALICA ESFERI 1/2" M	und	5,00	8.011,16	 $40.055,80
21/01/2026	Franchi Ruben Eduardo	474	MATERIALES	474.4	DISCO WIDIA SEGMENTADO 7 ́ ́	und	1,00	13.153,76	 $13.153,76
21/01/2026	Franchi Ruben Eduardo	474	MATERIALES	474.3	HOJA SIERRA P/ACERO 24 DIENTES 30 CM DE LARGO	und	5,00	1.693,19	 $8.465,95
21/01/2026	Franchi Ruben Eduardo	474	MATERIALES	474.2	HOJA DE CUTTER	und	20,00	85,40	 $1.708,00
21/01/2026	Franchi Ruben Eduardo	474	MATERIALES	474.1	Nylon negro polietileno 200mic negro	und	3,00	73.889,52	 $221.668,56
21/01/2026	Segunor	402	MATERIALES	402.3	DESTORNILLADOR PLANO 6MM LARGO	und	1,00	3.472,38	 $3.472,38
21/01/2026	Segunor	402	MATERIALES	402.2	DESTORNILLADOR PHILIPS No2 150	und	1,00	3.472,38	 $3.472,38
21/01/2026	Segunor	402	MATERIALES	402.1	CUTTER	und	1,00	3.295,60	 $3.295,60
21/01/2026	Di Toro Hnos S.A.	401	MATERIALES	401.3	CINTA PAPEL AZUL 5CM ANCHO	und	5,00	5.697,52	 $28.487,60
21/01/2026	Di Toro Hnos S.A.	401	MATERIALES	401.2	PINCELETA GALGO No 50	und	3,00	5.184,60	 $15.553,80
21/01/2026	Di Toro Hnos S.A.	401	MATERIALES	401.1	galgo pincel silver n*20	und	2,00	2.460,50	 $4.921,00
21/01/2026	Miguel Muriel	403	MANO DE OBRA	403.1	Mano de Obra por la ejecución del retiro de recubr imiento de nueve (09) puntos e n elementos estructu rales en edificio: 03 ptos. En subsuelo. 03 ptos. En piso 6 y 03 ptos en piso 12 	ptos	9,00	80.000,00	 $720.000,00
21/01/2026	Miguel Muriel	403	MANO DE OBRA	403.2	Construcción de Caseta de Vigi lancia y Control de acceso y salida de TQ4. Desmon tar la protección en la zona donde se contruira la rampa de acceso al subsuelo y llevar el caño del desague del subsuelo y amurarlo por debajo de la v ereda. 	sg	1,00	850.000,00	 $850.000,00
21/01/2026	Miguel Muriel	403	MANO DE OBRA	403.3	Construcción de 02-Fajas en el lado derecho del ni cho central del pleno de palie res en el edificio. 	piso	8,00	40.000,00	 $320.000,00
21/01/2026	Miguel Muriel	403	MANO DE OBRA	403.4	Construcción de carpetas con p endiente de piso en balcones, en Pisos: 2, 6, 7, 8 , 9, 10, 11,12, 13 y 14	m2	96,70	18.000,00	 $1.740.600,00
7/01/2026	Osvaldo Marcelo Lagos	399	SERVICIO	399.1	INSPECCION Y CERTIFICACION MEN ASCENSOR	und	3,00	190.000,00	 $570.000,00
7/01/2026	Daniela Marisol Paz	397	SERVICIO	397.1	Servicio de Seg. e Higiene	und	100,00	31.500,00	 $3.150.000,00
2/01/2026	Mairas y Red Construcciones	15	MATERIALES	15.1	PROTEX 216 ADHESIVO EPOXI X 1K	und	4,00	26.998,28	 $107.993,12
26/12/2025	Chapaferro S.A.	466	MATERIALES	466.1	ANGULO DE HIERRO 1/2"X 1/8" X	und	41,00	7.882,53	 $323.183,73
26/12/2025	Annacondia Jose Maria	465	MATERIALES	465.5	DISCO SEGMENTADO DIAMANTADO DE	und	1,00	5.400,00	 $5.400,00
26/12/2025	Annacondia Jose Maria	465	MATERIALES	465.4	Tornillos hexas autoperf	und	300,00	130,00	 $39.000,00
26/12/2025	Annacondia Jose Maria	465	MATERIALES	465.3	CEPILLO DE ALAMBRE DE 20 CM	und	5,00	3.000,00	 $15.000,00
26/12/2025	Annacondia Jose Maria	465	MATERIALES	465.2	TORNILLO FIX 5 X 45MM	und	300,00	35,00	 $10.500,00
26/12/2025	Annacondia Jose Maria	465	MATERIALES	465.1	TARUGO DEL S8 FISCHER	und	300,00	50,00	 $15.000,00
26/12/2025	Segunor S.R.L	391	MATERIALES	391.1	Electrodos 2.5 MM PUNTA AZUL	und	15,00	10.091,38	 $151.370,70
26/12/2025	Miguel Muriel	393	MANO DE OBRA	393.1	Construcción de paredes con la drillos No 8 en plen o de palieres.	m2	111,60	25.000,00	 $2.790.000,00
26/12/2025	Miguel Muriel	393	MANO DE OBRA	393.2	Revoque de paredes en el ducto de succión del módu lo de escaleras: Zona interior : aplicación de Cere cita bolseada. Zona exterior: revoque convencional bolseado y alisado. 	m2	314,03	14.000,00	 $4.396.420,00
26/12/2025	Miguel Muriel	393	MANO DE OBRA	393.3	Modificación de mochetas de va nos en puertas inter nas de los departamentos de lo s pisos: P2, P3 y P4 . 	und	66,00	30.000,00	 $1.980.000,00
26/12/2025	Miguel Muriel	393	MANO DE OBRA	393.4	Apuntalamiento de la estructur a de hormigón; para asegurarla al momento de demol ición de muro del Su b-Suelo. 	und	1,00	700.000,00	 $700.000,00
26/12/2025	Miguel Muriel	393	MANO DE OBRA	393.5	Limpieza manual del escombro e xistente en la zona interna del muro a demoler, co rrespondiente al áre a de acceso al subsuelo.	und	1,00	350.000,00	 $350.000,00
26/12/2025	Miguel Muriel	393	MANO DE OBRA	393.6	Revoque manual de la cara inte rna de los balcones de la fachada Este. 	ml	120,40	14.000,00	 $1.685.600,00
26/12/2025	Miguel Muriel	393	MANO DE OBRA	393.7	Construcción de contrapisos con pendientes en balcones: Piso 6, 7, 8, 9, 10, 11, 12, 13 y 14	m2	193,40	20.000,00	 $3.868.000,00
26/12/2025	Rondini Alfredo Filomeno	392	SERVICIO	392.1	Alquiler de volquetes	und	1,00	80.000,00	 $80.000,00
26/12/2025	Miguel Muriel	393	MANO DE OBRA	393.8	Relleno de orificios producido s por la toma de mue stras en la Estructura de Horm igón: Vigas y Column as, tanto del Edificio como en Subsuelo, relladas	und	40,00	30.000,00	 $1.200.000,00
17/12/2025	Aljez Soluciones Proyectables S.A.	388	MATERIALES	388.1	PUENTE ADHERENTE PAMAX X 28 KG	und	10,00	120.000,00	 $1.200.000,00
17/12/2025	Mairas y Red Construcciones	14	MATERIALES	14.5	Cal Cacique x 25 kg	und	77,00	5.200,12	 $400.409,24
17/12/2025	Mairas y Red Construcciones	14	MATERIALES	14.4	Ladrillos huecos 8x18x33	und	1.080,00	461,75	 $498.690,00
17/12/2025	Mairas y Red Construcciones	14	MATERIALES	14.3	Intomap 3 en 1 ar bags x 25 kg	und	1.120,00	6.432,96	 $7.204.915,20
17/12/2025	Mairas y Red Construcciones	14	MATERIALES	14.2	Cemento x 25 kg bolsa	und	80,00	5.009,00	 $400.720,00
17/12/2025	Mairas y Red Construcciones	14	MATERIALES	14.1	Arena fina	und	8,00	32.956,20	 $263.649,60
10/12/2025	Osvaldo Marcelo Lagos	386	SERVICIO	386.1	INSPECCION Y CERTIFICACION MEN ASCENSOR	und	2,00	85.000,00	 $170.000,00
25/11/2025	Mairas y Red Construcciones	4	MATERIALES	4.4	Cemento x25 kg bolsa	und	240,00	4.925,54	 $1.182.129,60
25/11/2025	Mairas y Red Construcciones	4	MATERIALES	4.3	Ladrillos huecos 8x18x33	und	648,00	461,75	 $299.214,00
25/11/2025	Mairas y Red Construcciones	4	MATERIALES	4.2	Ladrillos huecos 12x18x33	und	288,00	593,04	 $170.795,52
25/11/2025	Mairas y Red Construcciones	4	MATERIALES	4.1	Arena fina	und	12,00	31.343,80	 $376.125,60
25/11/2025	Segunor S.R.L	376	MATERIALES	376.4	Balde de Albañil de Plastico	und	5,00	1.881,06	 $9.405,30
25/11/2025	Segunor S.R.L	376	MATERIALES	376.3	Tanza Albañil 0.6mm x 100 mts	und	3,00	3.501,73	 $10.505,19
25/11/2025	Segunor S.R.L	376	MATERIALES	376.2	Pala Ancha	und	3,00	36.260,16	 $108.780,48
25/11/2025	Segunor S.R.L	376	MATERIALES	376.1	Carretilla de chapa	und	2,00	82.163,45	 $164.326,90
20/11/2025	Miguel Muriel	374	MANO DE OBRA	374.1	Corte y demolición de pared de l lado del mueble de baño y agregar pared del lado opuesto de la puert a, para llegar a las medidas e xigidas por el proye cto de cada baño.	und	100,00	44.800,00	 $4.480.000,00
20/11/2025	Miguel Muriel	374	MANO DE OBRA	374.2	Sellado de pases del pluvial e n cada balcón, coloc andole vendas e impermeabiliza ndolos con Protex Se al 77.	und	100,00	11.200,00	 $1.120.000,00
20/11/2025	Miguel Muriel	374	MANO DE OBRA	374.3	Impermeabilización (2 manos) d e Carpetas y canalet as	und	100,00	17.000,00	 $1.700.000,00
20/11/2025	Miguel Muriel	374	MANO DE OBRA	374.4	Corregir medidas en mochetas d e Placares en los dp tos C y D	und	100,00	11.200,00	 $1.120.000,00
19/11/2025	Miguel Muriel	373	MANO DE OBRA	373.1	Tomar niveles en Sub-Suelo de TQ y colocar los Pun tos de referencia de Corte o R elleno, según sea el caso, en todo el Sub-Suelo. Levantamiento de Niveles en ca da Depto. solicitado s por el estudio de Arquitectu ra y para realizar e l estimado de material de RDC por piso.	und	100,00	16.000,00	 $1.600.000,00
19/11/2025	Rondini Alfredo Filomeno	372	SERVICIO	372.1	Alquiler de volquetes	und	1,00	80.000,00	 $80.000,00
13/11/2025	Maof S.R.L	458	SERVICIO	458.1	Analisis Estructural - ejecución del análisis y Calcu lo estructural de la s mensulas fracturadas para so portar las solicitac iones de la planta baja. El cá lculo estructural re quiere la ejecución de cateos estructurales los cu ales NO SE INCLUYEN. Se realiz ará conforme a regla mentaciones CIRSOC vigentes, a segurando seguridad, optimización y compatibilidad con el diseño arqui tectónico. Se ejecutará el modelado total de la estructura de l edificio, con las dimensione s de la obra ejecuta da y todo el análisis de carga que se estima ejecu tar. Se hace notar que no se e ncuentra la document ación para extraer esta inform ación por tal motivo se contemplan 5 dias de relev amiento dimensional de la estructura para ejecutar un modelo y posteri ormente un periodo de ajuste q ue no será mayor a 2 dias donde se verificará con planos en la obra ac ompañado por la DO. 1. Análisis y diseño de la est ructura existente co n las cargas actuales y las nu evas condiciones de carga 2. Se plantearán la ejecución de refuerzos de la e structura existente, en caso d e ser necesarios. 3. Aplicación de normativa CIR SOC 2005 y complemen tarias, considerando cargas pe rmanentes, sobrecarg as de uso y cargas eventuales de proyecto. 4. Cálculo del edificio comple to y verificación de los sectores más relevantes d esignados en conjunt o con la DO. (10 sectores) en dichos sectores se v erificará la estructura y se c alculará la armadura la cual será contrastada con los cateos a ejecuta r (no contemplado). 5. Ejecución de planos de plan ta con denominacione s de vigas y columnas, sin cot as.PTO. NRO: 01-4054 R-B DE INGENIERIA MR FECHA 3 0/10/2025	und	1,00	8.600.000,00	 $8.600.000,00
12/11/2025	Daniela Agustina Gomez	457	MATERIALES	457.2	Caños de cobre con cajas Inter - Provisión de material para la pre instalación de c añerias para unidades con 3 sp lit sistema multispl it provisión de 45 mteros de c añería de cobre con cajas interiores y caja exteri or. Todas las instal aciones se entregan presurizad as con nitrógeno. FORMA DE PAGO ANTICIPADO PAR A LA COMPRA DE MATER IAL , INSTALACIÓN Y POSTERIOR CERTICIACIÓN QUINCEN AL POR PISO FINALIZADO. VALOR MAS IVA. CABE ACLARAR QUE CADA PISO TIE NE 2 DPTOS. CON ESTA TIPOLOGIA	und	28,00	642.808,51	 $17.998.638,28
12/11/2025	Daniela Agustina Gomez	457	MATERIALES	457.1	Caños de cobre con cajas Inter - Provisión de material para la pre instalación de c añerias para unidades con 4 sp lit sistema multispl it provisión de 42 mteros de c añería de cobre con cajas interiores y caja exteri or. Todas las instal aciones se entregan presurizad as con nitrógeno. FORMA DE PAGO ANTICIPADO PAR A LA COMPRA DE MATER IAL , INSTALACIÓN Y POSTERIOR CERTICIACIÓN QUINCEN AL POR PISO FINALIZADO. VALOR MAS IVA. CADA PISO TIENE 2 DPTOS. CON E STA TIPOLOGIA	und	27,00	599.954,60	 $16.198.774,20
12/11/2025	El Galpón Sanitario	455	MATERIALES	455.5	Abrazadera 50mm	und	25,00	346,20	 $8.655,00
12/11/2025	El Galpón Sanitario	455	MATERIALES	455.4	Espiga Poliprop. Negro a 90° S	und	10,00	487,10	 $4.871,00
12/11/2025	El Galpón Sanitario	455	MATERIALES	455.3	Espiga Poliprop. Negro a 90° C	und	1,00	548,59	 $548,59
12/11/2025	El Galpón Sanitario	455	MATERIALES	455.2	Codo Poliprop. a 90° con rosca	und	1,00	2.167,61	 $2.167,61
12/11/2025	El Galpón Sanitario	455	MATERIALES	455.1	Caño Poliprop. Negro 1 1/2'' Para riego	und	25,00	1.991,14	 $49.778,50
12/11/2025	Daniela Agustina Gomez	370	MANO DE OBRA	370.2	Mano de obra pre instalación A - Cantidad 28 UF. Mano de obra p ara la pre instalaci ón de cañerias para unidades c on 3 split sistema m ultisplit provisión de 45 mter os de cañería de cob re con cajas interiores y caja exterior. Todas las instalaciones se entregan pre surizadas con nitróg eno. FORMA DE PAGO CERTIFICACIÓN Q UINCENAL POR PISO FI NALIZADO. VALOR AJUSTADO POR C AC MANO DE OBRA BASE OCTUBRE 2025	und	100,00	179.986,38	 $17.998.638,00
12/11/2025	Daniela Agustina Gomez	370	MANO DE OBRA	370.2	Cantidad 28 UF. Mano de obra p ara la pre instalaci ón de cañerias para unidades c on 3 split sistema m ultisplit provisión de 45 mter os de cañería de cob re con cajas interiores y caja exterior. Todas las instalaciones se entregan pre surizadas con nitróg eno. FORMA DE PAGO CERTIFICACIÓN Q UINCENAL POR PISO FI NALIZADO. VALOR AJUSTADO POR C AC MANO DE OBRA BASE OCTUBRE 2025	und	100,00	179.986,38	 $17.998.638,00
12/11/2025	Daniela Agustina Gomez	370	MANO DE OBRA	370.1	Cantidad 27 UF. -Mano de obra para la pre instalac ión de cañerias para unidades con 4 split sistema multisplit provisión de 42 mte ros de cañería de co bre con cajas interiores y caj a exterior. Todas la s instalaciones se entregan pr esurizadas con nitró geno. FORMA DE PAGO CERTIFICACIÓN Q UINCENAL POR PISO FI NALIZADO. VALOR AJUSTADO POR C AC MANO DE OBRA BASE OCTUBRE 2025	und	100,00	161.987,74	 $16.198.774,00
12/11/2025	Daniela Agustina Gomez	370	MANO DE OBRA	370.1	Mano de obra pre instalación A - Cantidad 27 UF. -Mano de obra para la pre instalac ión de cañerias para unidades con 4 split sistema multisplit provisión de 42 mte ros de cañería de co bre con cajas interiores y caj a exterior. Todas la s instalaciones se entregan pr esurizadas con nitró geno. FORMA DE PAGO CERTIFICACIÓN Q UINCENAL POR PISO FI NALIZADO. VALOR AJUSTADO POR C AC MANO DE OBRA BASE OCTUBRE 2025	und	100,00	16.187,74	 $1.618.774,00
11/11/2025	Cadiem S.R.L.	459	SERVICIO	459.2	Determinación de Contenido - Por la determinación del contenido, de agentes con taminantes como cloruros, sulf atos y ph. Definiend o el grado de ataque Sobre ca da testigo analizado Testigos adicionales a los 3 i ndicados , cada uno $ 40.200,00	und	1,00	450.000,00	 $450.000,00
11/11/2025	Cadiem S.R.L.	459	SERVICIO	459.1	Extracción de Muestras y Laboratorio - Por la concurrencia a obra inc luyendo la extracció n de hasta cuarenta (40) testi gos con máquina cal adora apropiada y broca (Ø75mm .) con corona diaman tada refrigerada, cuya longitu d max. de 15 cm cada uno. Los mismos se extraerán en sectores, que pre viamente indicará el solicitan te. Sobre cada testi go se efectuarán las siguiente s tareas y determina ciones: ? Aserrado de sus base s con disco diamanta do refrigerado ? Carbonatación ? Densidad ? Absor ción de agua ? Encabezado y en sayo a la compresión ? Informe técnico	und	1,00	1.830.000,00	 $1.830.000,00
10/11/2025	Mairas y Red Construcciones	2	MATERIALES	2.7	Ladrillos huecos del 12 12x18x33	und	432,00	571,89	 $247.056,48
10/11/2025	Mairas y Red Construcciones	2	MATERIALES	2.6	Protex Fondo de Junta por Esp Polietileno	und	100,00	2.216,73	 $221.673,00
10/11/2025	Mairas y Red Construcciones	2	MATERIALES	2.5	Protex Proflex P1000 x 5kg	und	7,00	166.202,71	 $1.163.418,97
10/11/2025	Mairas y Red Construcciones	2	MATERIALES	2.4	Protex imprimación S lata x 25	und	2,00	15.607,68	 $31.215,36
10/11/2025	Mairas y Red Construcciones	2	MATERIALES	2.3	Puente adherente tambor por 20	und	2,00	881.569,53	 $1.763.139,06
10/11/2025	Mairas y Red Construcciones	2	MATERIALES	2.2	Ladrillos comunes	und	1.000,00	217,56	 $217.560,00
10/11/2025	Mairas y Red Construcciones	2	MATERIALES	2.1	Arena fina	und	8,00	31.343,80	 $250.750,40
7/11/2025	Bombas Ranelagh S.A.	456	MATERIALES	456.1	Bomba Sumergible Desagote Moto Agua 1.5 HP	und	1,00	207.399,62	 $207.399,62
4/11/2025	Indus Electric S.A.	454	MATERIALES	454.2	Artefacto Liston 120 doble	und	6,00	3.090,53	 $18.543,18
4/11/2025	Indus Electric S.A.	454	MATERIALES	451.1	Lampara Foco Led 15w	und	15,00	1.754,24	 $26.313,60
4/11/2025	Aljez Soluciones Proyectables S.A.	368	MATERIALES	368.1	Puente Adherente Pamax x 25 kg	und	15,00	120.000,00	 $1.800.000,00
4/11/2025	Segunor S.A.	363	MATERIALES	363.4	Rollo Cartón Corrugado	und	10,00	12.130,59	 $121.305,90
4/11/2025	Rondini Alfredo Filomeno	365	SERVICIO	365.1	Alquiler de volquetes	und	1,00	80.000,00	 $80.000,00
4/11/2025	Segunor S.A.	363	MATERIALES	363.3	Lapiz Carpintero	und	10,00	382,00	 $3.820,00
4/11/2025	Segunor S.A.	363	MATERIALES	363.2	Punta Phillips PH2	und	10,00	567,10	 $5.671,00
4/11/2025	Segunor S.A.	363	MATERIALES	363.1	Disco Wid. Segmentado 7'' Bremen	und	1,00	14.759,92	 $14.759,92
4/11/2025	Miguel Muriel	366	MANO DE OBRA	366.1	Albañilería Mano de obra const Pluvial - Construcción de Colector Provi sional con Caño 110m m, embudos recolectores, const rucción de cámara re colectora de las aguas de lluv ia desde la Planta B aja y bombeadas en la calle: S G 1,00 $1.700.000,0 0 $1.700.000,00 Construcción de Colector PVC, 110mm, enframpado en la losa de techo. - Colocación de embudos 110mm. - Construcción de Cámara para de pósito de agua de ll uvia. Incluye: Revoque general e impermeabilizació n de la misma. -	und	100,00	17.000,00	 $1.700.000,00
4/11/2025	Rondini Alfredo Filomeno	362	SERVICIO	362.1	Alquiler de volquetes	und	1,00	80.000,00	 $80.000,00
2/11/2025	Gloria Cristina Coronel	383	MANO DE OBRA	383.1	ENCHAPADO DE PAREDES EXTERNAS DEL EDIFICIO	m2	300,00	14.000,00	 $4.200.000,00
28/10/2025	Miguel Muriel	361	MANO DE OBRA	361.1	Ejecución de fajas en paredes de: Cocina y Baños de los pisos: 4,5,6,7,8,9,10,11,12,13 y 14	piso	11,00	240.000,00	 $2.640.000,00
28/10/2025	Miguel Muriel	361	MANO DE OBRA	361.2	Ejecución de fajas en pisos para RDC en los niveles 8 al 14	piso	7,00	700.000,00	 $4.900.000,00
28/10/2025	Miguel Muriel	361	MANO DE OBRA	361.3	Ejecución de contrapiso, fajas e impermeabilización con Protex Seal 77 en baños de los pisos 2 al 7.	baño	48,00	200.000,00	 $9.600.000,00
28/10/2025	Miguel Muriel	361	MANO DE OBRA	361.4	Nivelación general de losa de planta baja y patio.	SG	1,00	80.000,00	 $80.000,00
28/10/2025	Miguel Muriel	361	MANO DE OBRA	361.5	Demolición de paredes en baño y cocina del Departamento 10-B, incluyendo bajada de escombros.	m2	17,86	30.000,00	 $535.800,00
28/10/2025	Miguel Muriel	361	MANO DE OBRA	361.6	Construcción de paredes en baño y cocina del Departamento 10-B, incluyendo subida de materiales.	m2	17,86	15.000,00	 $267.900,00
28/10/2025	Miguel Muriel	364	MANO DE OBRA	364.1	Impermeabilización y colocación de vendas en caños de baños y cocina	Piso	48,00	45.000,00	 $2.160.000,00
28/10/2025	Miguel Muriel	364	MANO DE OBRA	364.2	Construcción de canaleta recolectora de agua en balcones	Piso	28,00	30.000,00	 $840.000,00
28/10/2025	Miguel Muriel	364	MANO DE OBRA	364.3	Corte, perfilamiento, recuardo e impermeabilización del muro debajo del premarco	Dpto.	56,00	45.000,00	 $2.520.000,00
28/10/2025	Miguel Muriel	364	MANO DE OBRA	364.4	Recuadro de ventanas, con 3 en 1, en el Dpto Modelo.	Dpto.	1,00	180.000,00	 $180.000,00
28/10/2025	Miguel Muriel	364	MANO DE OBRA	364.5	Demolición de pases de losa en Baños (08) y Cocinas (04). Pisos: 3,4,5,6 y 7	Piso	60,00	13.000,00	 $780.000,00
28/10/2025	Miguel Muriel	364	MANO DE OBRA	364.6	Demolición y amuramiento de de caño de succión decada baño del Dpto. Modelo. Dpto.	Dpto.	56,00	35.000,00	 $1.960.000,00
28/10/2025	Miguel Muriel	364	MANO DE OBRA	364.7	Revoque con 3 en 1, en Baños: P4, P5, P6, P7	m2	620,00	15.000,00	 $9.300.000,00
28/10/2025	Miguel Muriel	364	MANO DE OBRA	364.8	Revoque con 3 en 1, en Cocinas : P4, P5, P6, P7	m2	731,09	15.000,00	 $10.966.410,00
22/10/2025	Osvaldo Marcelo Lagos	359	INSPECCIÓN Y CERTIFICACIÓN MENSUAL ASCENSOR	359.1	Inspección y certificación mensual de: Montacargas, Ascensor según normativa vigente de SRT	und	2,00	85.000,00	 $170.000,00
16/10/2025	Sebastian Ignacio Perata	353	MANO DE OBRA	353.1	Preinstalación de cañerías para aire acondicionado en Unidad Modelo. Incluuye amurado de cajas plásticas, canaleteado de muros para cañerías, armado y colocación de cañerías	und	100,00	8.176,00	 $817.600,00
16/10/2025	Daniela Marisol Paz	352	SERVICIO DE SEGURIDAD OBRA	352.1	Servicio de Seguridad de la Obra	und	1,00	1.500.000,00	 $1.500.000,00
15/10/2025	Mairas y Red Construcciones	453	MATERIALES	453.5	Tornillo T1 Punta Aguja	und	1.000,00	10,80	 $10.800,00
15/10/2025	Mairas y Red Construcciones	453	MATERIALES	453.4	Cutter	und	2,00	5.377,70	 $10.755,40
15/10/2025	Mairas y Red Construcciones	453	MATERIALES	453.3	Tornillo T2 Punta Aguja Negro	und	2.000,00	9,40	 $18.800,00
15/10/2025	Mairas y Red Construcciones	453	MATERIALES	453.2	Placas Durlock Standard 12,5	und	12,00	13.316,86	 $159.802,32
15/10/2025	Mairas y Red Construcciones	453	MATERIALES	453.1	Placas Durlock antih 12,5	und	5,00	22.331,40	 $111.657,00
15/10/2025	Gloria Cristina Coronel	351	MANO DE OBRA	351.2	Construcción den enchapado en paredes externas de TQ4 	m2	240,00	14.000,00	 $3.360.000,00
15/10/2025	Gloria Cristina Coronel	351	MANO DE OBRA	351.1	Colocación de puente ahderente en paredes externas de TQ4	m2	3.500,00	1.685,72	 $5.900.020,00
8/10/2025	Carla Prost	350	SERVICIO DE SEGURIDAD	350.1	Servicio de Seguridad de la Obra	GL	3.998,00	3.998,00	 $15.984.004,00
8/10/2025	Miguel Muriel	349	MANO DE OBRA	349.1	Demolición de paredes en Cocina y Baño en P4 Departamento A y en P10 Departamento B, incluye bajada de escombros y subida de material	m²	17,86	13.000,00	 $232.180,00
8/10/2025	Miguel Muriel	349	MANO DE OBRA	349.2	Acondicionamiento y colocación de ceresita en paredes medianera del Departamento Modelo	m²	40,12	12.000,00	 $481.440,00
8/10/2025	Miguel Muriel	349	MANO DE OBRA	349.3	Construcción de paredes con ladrillos del #8 ajustados a medida del proyecto en los departamentos P4 A y P10 B	m²	17,86	15.000,00	 $267.900,00
8/10/2025	Miguel Muriel	349	MANO DE OBRA	349.4	Revisión de mediciones de Cocinas, Baños y Vestidores de 13 pisos	piso	13,00	50.000,00	 $650.000,00
8/10/2025	Miguel Muriel	349	MANO DE OBRA	349.5	Ejecución de fajas en paredes de Cocina en pisos P3, P4, P5, P6 y P7	piso	4,00	60.000,00	 $240.000,00
8/10/2025	Miguel Muriel	349	MANO DE OBRA	349.6	Faja en piso en P6 y P7	piso	2,00	600.000,00	 $1.200.000,00
8/10/2025	Alberto Mario Somoza	348	MATERIALES	348.1	Arco separador de 3mm P/porcel	und	2,00	32.560,00	 $65.120,00
6/10/2025	Mairas y Red Construcciones	449	MATERIALES	449.6	Pastina klaukol color talco bolsas de 1 kg	und	50,00	2.002,90	 $100.145,00
6/10/2025	Mairas y Red Construcciones	449	MATERIALES	449.5	Cantoneras yesera de 2.6m	und	10,00	1.923,04	 $19.230,40
6/10/2025	Mairas y Red Construcciones	449	MATERIALES	449.4	Venda geotextil sintética 1mx	und	1,00	16.390,85	 $16.390,85
6/10/2025	Mairas y Red Construcciones	449	MATERIALES	449.3	Estopa de limpieza por bolsa	und	5,00	1.159,50	 $5.797,50
6/10/2025	Mairas y Red Construcciones	449	MATERIALES	449.2	Ladrillos huecos 8x18x33	und	648,00	469,40	 $304.171,20
6/10/2025	Mairas y Red Construcciones	449	MATERIALES	449.1	Arena	m3	18,00	33.491,33	 $602.843,94
30/09/2025	Pol Hnos. S.A.	448	ESTUDIO DE SUELO	448.1	Por la ejecución del estudio de suelos consistente en 2 perforaciones de hasta 4 metros de profundidad cada una y una perforación de hasta 10 metros de profundidad. En todos los sondeos se practicarán ensayos de penetración normal por cada metro de avance. Sobre las muestras extraídas se efectuarán las siguientes determinaciones de laboratorio. Según normal IRAM/ASTM: humedad natural, limites liquido y plastico, peso de la unidad de volumen, procentaje de finos por lavado sobre tamiz 200, granulometria sobre tamices 4, 10, 40, compresión triaxial sobre muestras no perturbadas y clasificación unificada de casagrande. Se confeccionará un informe final que contendrá perfiles geológicos resultantes y los parámetros para el diseño de fundaciones.	und	1,00	2.300.000,00	 $2.300.000,00
30/09/2025	Osvaldo Marcelo Lagos	346	CALCULO ESTABILIDAD DIMENSIONA EN VOLADIZO	346.2	Relevamiento técnico de la estructura, para verificar el estado reglamentario de la misma. Informe técnico del cumplimiento actual respecto de la reglamentación vigente y las modiicaciones necesarias para su cummplimiento. Confección del informe técnico y cálculo de la estructura.	und	1,00	350.000,00	 $350.000,00
30/09/2025	Osvaldo Marcelo Lagos	346	CALCULO DIMENSIONAMIENTO ESTRU VERIFICACION TECNICA	346.1	Calculo dimensionamiento estructural verificación técnica	und	1,00	300.000,00	 $300.000,00
26/09/2025	Indus Electric S.A.	442	MATERIALES	442.1	Transformador reductor de 380v marca Yali	und	1,00	49.567,78	 $49.567,78
26/09/2025	Gloria Cristina Coronel	345	MANO DE OBRA	345.3	Columna lateral derecha	m2	16,93	14.000,00	 $237.020,00
26/09/2025	Gloria Cristina Coronel	345	MANO DE OBRA	345.2	Parte superior de ventanas por pisos	m2	18,00	14.000,00	 $252.000,00
26/09/2025	Gloria Cristina Coronel	345	MANO DE OBRA	345.1	Zona central del balcón hasta el piso 14, entre los ventanales de Deptos B y C, de piso a techo	m2	66,78	14.000,00	 $934.920,00
25/09/2025	Mairas y Red Construcciones	446	MATERIALES	446.1	Pegamento para porcelanato	und	80,00	16.250,00	 $1.300.000,00
23/09/2025	Daniela Agustina Gomez	342	PROVISIÓN COLOCACIÓN DUCTOS EN +DUCTOS DE EXT. BAÑO	342.2	859 kg provisión y colocación de ductos de chapa galvanizada cal 25 y 27 colector + ducto  	und	100,00	39.604,19	 $3.960.419,00
23/09/2025	Daniela Agustina Gomez	342	PROVISION COLOC. DUCTOS ENCHA +DUCTOS	342.1	1595 kg PROVISIÓ Y COLOCACIÓN DE DUCTOS DE CHAPA GALVANIZADA CAL 27 COLECLTOR + Ducto de extracción de BAÑOS según planos corrientes columna COVE a,b,c,d,e Y f	und	100,00	72.588,45	 $7.258.845,00
22/09/2025	Mairas y Red Construcciones	441	MATERIALES	441.1	Corrotex Anticorrosivo Cementico 4 kg	und	10,00	17.066,12	 $170.661,20
12/09/2025	Miguel Muriel	339	MANO DE OBRA	339.1	Revoque grueso de cal (espesor 2 cm): Piso 2 (43,76 m²) y Piso 3 (77,00 m²), total 120,76 m² x $15.000	m²	120,76	15.000,00	 $1.811.400,00
12/09/2025	Miguel Muriel	339	MANO DE OBRA	339.2	Departamentos y palieres: ejecución de fajas, regleo y distribución de material para carpeta RDC en pisos 3, 4 y 5 (879,63 m² x $7.000)	m²	879,63	7.000,00	 $6.157.410,00
12/09/2025	Miguel Muriel	339	MANO DE OBRA	339.3	Reparación de patologías por hierro expuesto en losa de techo, columnas y vigas. Incluye: descubrir armaduras, cepillado, aplicación de pintura anticorrosiva y posterior tratamiento con producto Protex	und	1,00	300.000,00	 $300.000,00
12/09/2025	Miguel Muriel	339	MANO DE OBRA	339.4	Demolición y adecuación de plenos, con colocación de calandro para verificación de la verticalidad (10 x $280.000)	und	10,00	280.000,00	 $2.800.000,00
12/09/2025	Miguel Muriel	339	MANO DE OBRA	339.5	Ejecución de fajas en paredes de baños en pisos 2, 3, 4 y 5 (40 x $90.000)	und	40,00	90.000,00	 $3.600.000,00
12/09/2025	Miguel Muriel	339	MANO DE OBRA	339.6	Construcción de contrapisos con pendientes en balcones de pisos 1, 3, 4 y 5 (91 x $11.000)	und	91,00	11.000,00	 $1.001.000,00
12/09/2025	Miguel Muriel	339	MANO DE OBRA	339.7	Construcción de contrapisos con pendientes en balcones de pisos 1, 3, 4 y 5 (98 x $15.000)	und	98,00	15.000,00	 $1.470.000,00
12/09/2025	Gloria Cristina Coronel	340	MANO DE OBRA	340.7	Hidrolavado	und	1,00	100.000,00	 $100.000,00
12/09/2025	Gloria Cristina Coronel	340	MANO DE OBRA	340.6	Revoque proyectado hidrófugo	m2	9,00	14.500,00	 $130.500,00
12/09/2025	Gloria Cristina Coronel	340	MANO DE OBRA	340.5	Aplicado en losa	m2	36,20	7.500,00	 $271.500,00
12/09/2025	Gloria Cristina Coronel	340	MANO DE OBRA	340.4	Cantonera	ml	9,00	7.500,00	 $67.500,00
12/09/2025	Gloria Cristina Coronel	340	MANO DE OBRA	340.3	Buña	m2	66,20	7.500,00	 $496.500,00
12/09/2025	Gloria Cristina Coronel	340	MANO DE OBRA	340.2	Arista	m2	28,00	7.500,00	 $210.000,00
12/09/2025	Gloria Cristina Coronel	340	MANO DE OBRA	340.1	Yeso proyectado en Pared	m2	187,00	7.500,00	 $1.402.500,00
11/09/2025	Mairas y Red Construcciones	434	MATERIALES	434.2	Cantoneras yesera de 2.6m	und	10,00	2.565,78	 $25.657,80
11/09/2025	Mairas y Red Construcciones	434	MATERIALES	434.1	Yeso Entre Rios x30 kg	und	200,00	8.746,02	 $1.749.204,00
3/09/2025	Instituto Tecnológico del Hormigón	430	VISITA PROFES. DE HORMIGON	430.1	Por la visita a obra de hasta un (1) día de duración (en días hábiles e incluyendo tiempos de traslado) de dos (2) profesionales, uno especializado en Tecnología del Hormigón y otro en Evaluación Estructural, con el objetivo de realizar una primera inspección visual de relevamiento y tomar conocimiento de las posibles problemáticas existentes en la estructura de hormigón armado correspondiente al edificio de referencia. De dicha visita surgirá un Informe Preliminar sobre la situación observada, con registro fotográfico de los aspectos más relevantes encontrados, así como una propuesta de actividades a desarrollar para su estudio detallado. Esta propuesta incluirá la verificación estructural a cargo de nuestro Asesor Especialista, acompañada de su correspondiente plan de trabajos y presupuesto. En caso de aprobarse el presupuesto correspondiente al estudio detallado y verificación estructural derivada del mismo, el monto consignado en el presente presupuesto será bonificado en su totalidad en dicho nuevo presupuesto.	und	1,00	1.990.000,00	 $1.990.000,00
29/08/2025	Motorcisa	334	SERVICIO	334.3	Alquier de camión diario. Alquiler diario de camión para extracción y disposición final de tierra y escombros	und	6,00	300.000,00	 $1.800.000,00
29/08/2025	Motorcisa	334	SERVICIO	334.2	Alquiler de pala retro para ex, alquiler de pala retro 310 para excavación rampa ingreso cochera	und	2,00	400.000,00	 $800.000,00
29/08/2025	Motorcisa	334	SERVICIO	334.1	Alquiler por jornal 8 hs, percuto entrega y retiro eq alquiler diario diario de bobcat c/martillo neumático para picado de: Hormigón apertura lateral en rampa ingreso a cochera. Incliye motor man y Combustible jornada de 8 hs.	und	2,00	600.000,00	 $1.200.000,00
28/08/2025	Mauricio Daniel Rodriguez	428	MATERIALES	428.1	Vinilo de corte "Red Sacchi" color blanco detalle verde y rojo según muestra 60 cm x 40cm incluye instalación	und	1,00	11.000,00	 $11.000,00
28/08/2025	Dacomat	427	MATERIALES	427.3	Hormigón RDC 300	und	16,00	96.730,00	 $1.547.680,00
28/08/2025	Dacomat	427	MATERIALES	427.2	Bomba de arrastre Hormigón	und	1,00	356.087,00	 $356.087,00
28/08/2025	Dacomat	427	MATERIALES	427.1	Bombeado	m3	16,00	3.237,00	 $51.792,00
26/08/2025	Mairas y Red Construcciones	426	MATERIALES	426.2	Ladrillos huecos 8x18x33	und	1.296,00	452,34	 $586.232,64
26/08/2025	Mairas y Red Construcciones	426	MATERIALES	426.1	Arena	m3	8,00	29.503,10	 $236.024,80
21/08/2025	Miguel Muriel	326	MANO DE OBRA	326.1	Demolición de banquinas placares. Incluye bajar escombros a PB	und	24,00	25.000,00	 $600.000,00
21/08/2025	Miguel Muriel	326	MANO DE OBRA	326.10	Colocación de bañera (incluye relleno y pared de asentamiento con revoque frontal)	und	2,00	170.000,00	 $340.000,00
21/08/2025	Miguel Muriel	326	MANO DE OBRA	326.11	Construcción de mochetas y bajadas de dintel a medida de puerta (Del P2 al P8)	und	154,00	30.000,00	 $4.620.000,00
21/08/2025	Miguel Muriel	326	MANO DE OBRA	326.12	Colocación de ladrillo maciso en panderete  (bajo premarco)	ml	112,00	9.000,00	 $1.008.000,00
21/08/2025	Miguel Muriel	326	MANO DE OBRA	326.13	Ejecución de ladrillo hueco 8cm. En baños adosados al muro del tabique de hormigón, de los 14 pisos	m2	155,82	13.000,00	 $2.025.660,00
21/08/2025	Miguel Muriel	326	MANO DE OBRA	326.14	Colocació de Porcelanato	m2	107,12	13.000,00	 $1.392.560,00
21/08/2025	Miguel Muriel	326	MANO DE OBRA	326.15	Ejecución con carpeta fratachada tradicional (baños)	m2	288,00	15.000,00	 $4.320.000,00
21/08/2025	Miguel Muriel	326	MANO DE OBRA	326.16	Relleno detodos los premarcos para habilitar el revoque de sus mochetas	und	280,00	6.000,00	 $1.680.000,00
21/08/2025	Miguel Muriel	326	MANO DE OBRA	326.17	Demolición de pared del 8 en departamento A y D, donde se ubicará la cabina de termotanque	und	28,00	25.000,00	 $700.000,00
21/08/2025	Miguel Muriel	326	MANO DE OBRA	326.18	Reparación de los pases de losas en baños y cocinas con mortero	und	644,00	7.000,00	 $4.508.000,00
21/08/2025	Miguel Muriel	326	MANO DE OBRA	326.19	Construcción de mocheta en baños	und	112,00	35.000,00	 $3.920.000,00
21/08/2025	Miguel Muriel	326	MANO DE OBRA	326.2	Demolición de los plenos (adecuación de plenos). Incluye colocación de calandro para verificar la verticalidad	und	28,00	20.000,00	 $560.000,00
21/08/2025	Miguel Muriel	326	MANO DE OBRA	326.3	Ejecución de mampostería con giro (mocheta) en menos de 1 m (tipo L-1 giro)	m²	222,60	15.000,00	 $3.339.000,00
21/08/2025	Miguel Muriel	326	MANO DE OBRA	326.4	Enchapado con ladrillo hueco (escalla) para engrosar las medidas de las bañeras	m²	74,20	11.000,00	 $816.200,00
21/08/2025	Miguel Muriel	326	MANO DE OBRA	326.5	Ejecución de contrapiso + carpeta con pendiente máx. 7 cm de carga total, incluye subir material en balcones	m²	9,62	11.000,00	 $105.820,00
21/08/2025	Miguel Muriel	326	MANO DE OBRA	326.6	Departamentos + Palier: Ejecución de fajas, regleo y distribución de material para carpeta RDC	m²	332,00	6.000,00	 $1.992.000,00
21/08/2025	Miguel Muriel	326	MANO DE OBRA	326.7	Babeta hidrófuga en balcones (30 cm pared + 15 cm piso, desarrollo 45/50 cm). Incluye colocación de Protex Seal 77 (2 capas)	ml	243,60	9.000,00	 $2.192.400,00
21/08/2025	Miguel Muriel	326	MANO DE OBRA	326.8	Retiro de carpetas en mal estado. Incluye bajar escombros a PB	m²	15,68	15.000,00	 $235.200,00
21/08/2025	Miguel Muriel	326	MANO DE OBRA	326.9	Retiro de revoque en mal estado en P-1. Incluye bajada de escombros a PB	m²	23,06	15.000,00	 $345.900,00
21/08/2025	La Lucía Hnas. S.A	422	MATERIALES	422.2	Bañera enlozada 1.6x0.7x antideslizante	und	1,00	107.183,00	 $107.183,00
21/08/2025	La Lucía Hnas. S.A	422	MATERIALES	422.1	Bañera enlozada 1.4x0.7x antideslizante	und	1,00	95.006,00	 $95.006,00
21/08/2025	Segunor	327	MATERIALES	327.3	Discos de corte 4,5'' Disco 115mm x16,m	und	50,00	2.160,11	 $108.005,50
21/08/2025	Segunor	327	MATERIALES	327.2	Disco Diamantado 12'' Segmenta Patrol Black	und	2,00	62.131,12	 $124.262,24
21/08/2025	Segunor	327	MATERIALES	327.1	Discos de corte 4,5'' Disco 115mm x1,6m Tyrolit	und	100,00	2.160,11	 $216.011,00
19/08/2025	Annacondia Jose Maria	421	MATERIALES	421.1	Tornillo autop. p. mecha 2 1/2 cabeza hexagonal	und	300,00	82,00	 $24.600,00
18/08/2025	Gersur S.A.	419	MATERIALES	419.1	Corrotex Anticorrosivo Cementico 4 kg	und	10,00	16.528,93	 $165.289,30
18/08/2025	Mairas y Red Construcciones	418	MATERIALES	418.1	Intomap 3 en 1 ar bags x 25 kg	und	1.120,00	7.042,56	 $7.887.667,20
12/08/2025	Mauricio Daniel Rodriguez	415	MATERIALES	415.1	Vinilo impreso UV instalación	und	1,00	200.000,00	 $200.000,00
1/08/2025	Gloria Cristina Coronel	317	MANO DE OBRA	317.1	Hidrolavado de superficies exteriores donde se aplicará revoque 3 en 1	GL	100,00	38.400,00	 $3.840.000,00
31/07/2025	Mairas y Red Construcciones	412	MATERIALES	412.6	Pallet vacío	und	5,00	26.315,00	 $131.575,00
31/07/2025	Mairas y Red Construcciones	412	MATERIALES	412.5	Cal Hydrat x 25 kg	und	231,00	4.008,26	 $925.908,06
31/07/2025	Mairas y Red Construcciones	412	MATERIALES	412.4	Ladrillos huecos 8x18x33	und	864,00	452,34	 $390.821,76
31/07/2025	Mairas y Red Construcciones	412	MATERIALES	412.3	Ladrillos comunes	und	1.000,00	165,20	 $165.200,00
31/07/2025	Mairas y Red Construcciones	412	MATERIALES	412.2	Cemento x25 kg bolsa	und	160,00	4.305,85	 $688.936,00
31/07/2025	Mairas y Red Construcciones	412	MATERIALES	412.1	Arena	m3	12,00	28.271,56	 $339.258,72
31/07/2025	Prokrete Argentina S.A.	411	MATERIALES	411.2	Sellador poliuretano Proflex P	und	2,00	162.168,00	 $324.336,00
31/07/2025	Prokrete Argentina S.A.	411	MATERIALES	411.1	Protex Superligante x Tambor 2	und	1,00	888.330,00	 $888.330,00
30/07/2025	Blanco Construcciones S.A.S	316	MATERIALES	316.1	Provisión de honorarios por gestión y armado de la Solicitud de Factibilidad de Suministro Eléctrico para edificio de viviendas multifamiliar ubicado en la ciudad de Quilmes, ante la distribuidora EDESUR. Potencia total a solicitar: 778 kW. Incluye: Armado completo de la carpeta técnica conforme a los requisitos de EDESUR, con documentación de carácter técnico e informativo. Confección de la documentación técnica correspondiente (planilla de potencia, declaración jurada de cargas, memoria técnica, entre otras), firmadas por profesional matriculado. Presentación, entrega y envío de la carpeta técnica informativa a EDESUR. Gestión y entrega final de la Solicitud de Factibilidad aprobada.	und	1,00	2.887.590,00	 $2.887.590,00
30/07/2025	Alfredo Filomeno Rondinoni	314	SERVICIO	314.1	Alquiler de volquetes	und	1,00	70.000,00	 $70.000,00
30/07/2025	Guillermo Juan Montanari	313	MATERIALES	313.1	Hidrófugo vitrosol tambor x 20	und	1,00	146.742,00	 $146.742,00
30/07/2025	Di Toro Hnos S.A.	312	MATERIALES	312.5	Pintura vial	und	4,00	7.843,39	 $31.373,56
30/07/2025	Di Toro Hnos S.A.	312	MATERIALES	312.4	Aguarrás mineral	und	18,00	2.216,69	 $39.900,42
30/07/2025	Di Toro Hnos S.A.	312	MATERIALES	312.3	Esmalte sintético color negro	und	2,00	25.594,51	 $51.189,02
30/07/2025	Di Toro Hnos S.A.	312	MATERIALES	312.2	Pintura aerosol negra 430 ml	und	2,00	17.189,55	 $34.379,10
30/07/2025	Di Toro Hnos S.A.	312	MATERIALES	312.1	Pintura aerosol amarilla	und	2,00	17.189,55	 $34.379,10
30/07/2025	Alej Soluciones Proyectables S.A.	311	MATERIALES	311.1	Puente Adherente Pamax x 25 kg	und	10,00	12.000,00	 $120.000,00
30/07/2025	ALJEZ SOLUCIONES PROYECTABLES S.A.	300	MATERIALES	300.1	Puente Adherente Pamax x 25 kg	und	10,00	120.000,00	 $1.200.000,00
28/07/2025	Electricidad Cabrera S.R.L.	409	MATERIALES	409.9	Pulsador rasante N/C completo para montacarga	und	5,00	4.403,88	 $22.019,40
28/07/2025	Electricidad Cabrera S.R.L.	409	MATERIALES	409.8	Toma 10 A 220 V blanco 1 módulo	und	20,00	765,29	 $15.305,80
28/07/2025	Electricidad Cabrera S.R.L.	409	MATERIALES	409.7	Ficha 2x10 A macho	und	10,00	2.710,08	 $27.100,80
28/07/2025	Electricidad Cabrera S.R.L.	409	MATERIALES	409.6	Ficha 2x10 A macho	und	20,00	950,72	 $19.014,40
28/07/2025	Electricidad Cabrera S.R.L.	409	MATERIALES	409.5	Ficha 2x10 A hembra	und	20,00	1.140,79	 $22.815,80
28/07/2025	Electricidad Cabrera S.R.L.	409	MATERIALES	409.4	Disyuntor bipolar 40 A	und	10,00	25.605,38	 $256.053,80
28/07/2025	Electricidad Cabrera S.R.L.	409	MATERIALES	409.3	Llave térmica bipolar 25 A	und	10,00	5.644,19	 $56.441,90
28/07/2025	Electricidad Cabrera S.R.L.	409	MATERIALES	409.21	Zócalo fotocélula	und	10,00	3.983,79	 $39.837,90
28/07/2025	Electricidad Cabrera S.R.L.	409	MATERIALES	409.20	Tapa 5x10 PVC blanca	und	20,00	499,96	 $9.999,20
28/07/2025	Electricidad Cabrera S.R.L.	409	MATERIALES	409.2	Artefacto listón 120 doble	und	10,00	2.354,14	 $23.541,40
28/07/2025	Electricidad Cabrera S.R.L.	409	MATERIALES	409.19	Bastidor luz PVC	und	20,00	368,52	 $7.370,40
28/07/2025	Electricidad Cabrera S.R.L.	409	MATERIALES	409.18	Ficha 3 + N + Tierra 16 A	und	10,00	6.753,86	 $67.538,60
28/07/2025	Electricidad Cabrera S.R.L.	409	MATERIALES	409.17	Fotocélula exterior 2500 Wts/CO	und	10,00	11.621,28	 $116.212,80
28/07/2025	Electricidad Cabrera S.R.L.	409	MATERIALES	409.16	Caja estanca PVC	und	1,00	1.745,85	 $1.745,85
28/07/2025	Electricidad Cabrera S.R.L.	409	MATERIALES	409.15	Toma 10 A 220 V doble blanco 3 módulos	und	10,00	3.459,36	 $34.593,60
28/07/2025	Electricidad Cabrera S.R.L.	409	MATERIALES	409.14	Portalámpara para foco 12 W	und	10,00	1.094,53	 $10.945,30
28/07/2025	Electricidad Cabrera S.R.L.	409	MATERIALES	409.13	Lámpara foco LED 15 W	und	10,00	999,33	 $9.993,30
28/07/2025	Electricidad Cabrera S.R.L.	409	MATERIALES	409.12	Caja octogonal PVC Electric	und	10,00	249,21	 $2.492,10
28/07/2025	Electricidad Cabrera S.R.L.	409	MATERIALES	409.11	Pulsador de emergencia	und	2,00	9.364,57	 $18.729,14
28/07/2025	Electricidad Cabrera S.R.L.	409	MATERIALES	409.10	Pulsador rasante N/O completo para montacarga	und	5,00	4.403,88	 $22.019,40
28/07/2025	Electricidad Cabrera S.R.L.	409	MATERIALES	409.1	Tubo LED 18W BLF 220V 1.2 m	und	20,00	1.832,57	 $36.651,40
25/07/2025	Mauricio Daniel Rodriguez	404	MATERIALES	404.3	Vinilo impreso para cartel 4.8 1.22	und	2,00	180.450,35	 $360.900,70
25/07/2025	Mauricio Daniel Rodriguez	404	MATERIALES	404.2	Vinilo impreso para cartel 4.8	und	2,00	902.100,23	 $1.804.200,46
25/07/2025	Mauricio Daniel Rodriguez	404	MATERIALES	404.1	Vinilo impreso para cartel 3x	und	2,00	220.449,42	 $440.898,84
23/07/2025	Mairas y Red Construcciones	407	MATERIALES	407.1	Malla fibra de vidrio 5x5 rol 90g revoque	und	16,00	39.714,39	 $635.430,24
22/07/2025	Miguel Muriel	309	MANO DE OBRA	309.1	Construcción de Dinteles en ventanas de habitaciones, baños, cocina y living comedor. Incluye colocación de barras, encofrado requerido y ladrillos hasta la altura de losa de techo.	und	100,00	7.000,00	 $700.000,00
22/07/2025	Miguel Muriel	309	MANO DE OBRA	309.2	Colocación de Premarcos.	m/m2	100,00	4.200,00	 $420.000,00
22/07/2025	Miguel Muriel	309	MANO DE OBRA	309.3	Enchapado de vigas en habitaciones, baño y sobre ventana de cocina. Incluye subir los ladrillos desde planta baja a cada piso.	m	100,00	36.090,00	 $3.609.000,00
22/07/2025	Miguel Muriel	309	MANO DE OBRA	309.4	Enchapado en columnas de baños de los departamentos C y D en pisos 14 al 4, dos por piso y una en piso 10.	m	100,00	16.456,50	 $1.645.650,00
22/07/2025	Miguel Muriel	309	MANO DE OBRA	309.5	Demolición de columnas en azotea.	und	100,00	4.750,00	 $475.000,00
22/07/2025	Miguel Muriel	309	MANO DE OBRA	309.6	Construcción de mochetas y/o encuadre en premarcos.	und	100,00	72.800,00	 $7.280.000,00
22/07/2025	Miguel Muriel	309	MANO DE OBRA	309.7	Colocación de calandros y replanteo de ventanas en fachadas.	Piso	100,00	12.000,00	 $1.200.000,00
22/07/2025	Miguel Muriel	309	MANO DE OBRA	309.8	Niveles de losa de techo por piso.	Piso	100,00	11.200,00	 $1.120.000,00
22/07/2025	Miguel Muriel	309	MANO DE OBRA	309.9	Jornales de ayudante para cubrir trabajos varios de obra: movimiento y descarga de materiales.	Jornal	20,00	70.000,00	 $1.400.000,00
21/07/2025	Electro Calchaqui S.A.	405	MATERIALES	405.1	Reflector de LED Exterior 200W Artef. Proy. Leds 200W 220V 11	und	10,00	30.212,10	 $302.121,00
10/07/2025	Mairas y Red Construcciones	402	MATERIALES	402.7	Ladrillos huecos 8x18x33	und	2.160,00	406,39	 $877.802,40
10/07/2025	Mairas y Red Construcciones	402	MATERIALES	402.6	Cal Cacique	und	770,00	5.206,60	 $4.009.082,00
10/07/2025	Mairas y Red Construcciones	402	MATERIALES	402.5	Intomap 3 en 1 ar bags x 25 kg	und	1.120,00	5.596,45	 $6.268.024,00
10/07/2025	Mairas y Red Construcciones	402	MATERIALES	402.4	Ladrillos comunes	und	4.000,00	156,92	 $627.680,00
10/07/2025	Mairas y Red Construcciones	402	MATERIALES	402.3	Arena	m3	48,00	26.857,98	 $1.289.183,04
10/07/2025	Mairas y Red Construcciones	402	MATERIALES	402.2	Cemento x50 kg bolsa	und	800,00	7.502,95	 $6.002.360,00
10/07/2025	Mairas y Red Construcciones	402	MATERIALES	402.1	Ladrillos huecos del 12 12x18x33	und	1.440,00	529,33	 $762.235,20
3/07/2025	Mauricio Daniel Rodriguez	400	MATERIALES	400.1	Lona frontar impresa con frontales	und	1,00	195.500,00	 $195.500,00
3/07/2025	Carla Prost	307	SERVICIO DE SEGURIDAD	307.1	Servicio de Seguridad de la Obra	GL	100,00	48.000,00	 $4.800.000,00
2/07/2025	Jose Maria Annacondia	399	MATERIALES	399.3	Sellador multiuso fastix color	und	1,00	561.900,00	 $561.900,00
2/07/2025	Jose Maria Annacondia	399	MATERIALES	399.2	Tuerca 5/8 para andamio	und	200,00	107,43	 $21.486,00
2/07/2025	Jose Maria Annacondia	399	MATERIALES	399.1	Torn. Cab. Hex 3/8'' x38mm c/ara cabeza hexagonal	und	200,00	413,22	 $82.644,00
2/07/2025	Mairas y Red Construcciones	398	MATERIALES	398.6	Pallet vacío	und	2,00	24.999,25	 $49.998,50
2/07/2025	Mairas y Red Construcciones	398	MATERIALES	398.5	Nylon negro polietileno 200mic negro	und	1,00	46.351,62	 $46.351,62
2/07/2025	Mairas y Red Construcciones	398	MATERIALES	398.4	Ladrillos comunes	und	1.000,00	156,93	 $156.930,00
2/07/2025	Mairas y Red Construcciones	398	MATERIALES	398.3	Arena	und	12,00	26.857,99	 $322.295,88
2/07/2025	Mairas y Red Construcciones	398	MATERIALES	398.2	Cemento x50 kg bolsa	und	80,00	7.602,95	 $608.236,00
2/07/2025	Mairas y Red Construcciones	398	MATERIALES	398.1	Ladrillos huecos del 12 12x18x33	und	720,00	522,06	 $375.883,20
24/06/2025	Miguel Roberto Suarez	394	MATERIALES	394.1	Envase de garrafa de gas x10 kg completo	und	1,00	95.041,32	 $95.041,32
18/06/2025	Mairas y Red Construcciones	389	MATERIALES	389.4	Pallet vacío	und	2,00	24.999,25	 $49.998,50
18/06/2025	Mairas y Red Construcciones	389	MATERIALES	389.3	Cemento x50 kg bolsa	und	80,00	7.693,30	 $615.464,00
18/06/2025	Mairas y Red Construcciones	389	MATERIALES	389.2	Arena	m3	6,00	26.857,98	 $161.147,88
18/06/2025	Mairas y Red Construcciones	389	MATERIALES	389.1	Ladrillos huecos del 12 12x18x33	und	720,00	522,06	 $375.883,20
17/06/2025	Gloria Cristina Coronel	301	MANO DE OBRA	301.6	Recuadro balcones	ml	246,00	17.000,00	 $4.182.000,00
17/06/2025	Gloria Cristina Coronel	301	MANO DE OBRA	301.5	Recuadro Planta Baja	ml	84,24	14.000,00	 $1.179.360,00
17/06/2025	Gloria Cristina Coronel	301	MANO DE OBRA	301.4	Recuadro Planta Alta	ml	84,24	14.000,00	 $1.179.360,00
17/06/2025	Gloria Cristina Coronel	301	MANO DE OBRA	301.3	Aristas	ml	422,00	7.000,00	 $2.954.000,00
17/06/2025	Gloria Cristina Coronel	301	MANO DE OBRA	301.2	Buñas	ml	1.400,00	7.000,00	 $9.800.000,00
17/06/2025	Gloria Cristina Coronel	301	MANO DE OBRA	301.1	Revoque proyectado en Pared	m2	3.560,00	14.000,00	 $49.840.000,00
13/06/2025	Jose Maria Annacondia	385	MATERIALES	385.3	Tornillo hexagonal para chapas de 2 1/2''	und	100,00	2.561,00	 $256.100,00
13/06/2025	Jose Maria Annacondia	385	MATERIALES	385.2	Tornillo autop. p. mecha 2 1/2 cabeza hexagonal	und	270,00	140,00	 $37.800,00
13/06/2025	Jose Maria Annacondia	385	MATERIALES	385.1	Discos de corte 4,5''	und	100,00	1.239,00	 $123.900,00
13/06/2025	Segunor S.A.	384	MATERIALES	384.3	Plomada	und	1,00	6.257,87	 $6.257,87
13/06/2025	Segunor S.A.	384	MATERIALES	384.2	Antiparras p/polvos y liquidos transp.	und	20,00	1.506,25	 $30.125,00
13/06/2025	Segunor S.A.	384	MATERIALES	384.1	Guantes hilo moteado	und	50,00	756,00	 $37.800,00
13/06/2025	Pablo Alejandro Rizzo	381	MATERIALES	381.1	Tubo LEDs 19w BLF 220V 1.2M	und	20,00	1.176,47	 $23.529,40
12/06/2025	Mairas y Red Construcciones	387	MATERIALES	387.1	Intomap 3 en 1 ar bags x 25 kg	und	560,00	5.596,45	 $3.134.012,00
9/06/2025	Ruben Eduardo y Franchi	382	MATERIALES	382.4	Tanza rollo de 100m	und	5,00	2.439,67	 $12.198,35
9/06/2025	Ruben Eduardo y Franchi	382	MATERIALES	382.3	Hoja sierra p/acero 244 dientes 30 cm de largo	und	10,00	1.355,10	 $13.551,00
9/06/2025	Ruben Eduardo y Franchi	382	MATERIALES	382.2	Fratacho plastico de fieltro	und	10,00	578,74	 $5.787,40
9/06/2025	Ruben Eduardo y Franchi	382	MATERIALES	382.1	Fratacho de madera algarrobo 35 cm	und	10,00	4.559,30	 $45.593,00
6/06/2025	Mairas y Red Construcciones	380	MATERIALES	380.4	Pallet vacío	und	2,00	24.999,25	 $49.998,50
6/06/2025	Mairas y Red Construcciones	380	MATERIALES	380.3	Clavos punta paris 2'	und	20,00	3.260,40	 $65.208,00
6/06/2025	Mairas y Red Construcciones	380	MATERIALES	380.2	Clavos punta paris 2 y 1/2'	und	20,00	3.168,98	 $63.379,60
6/06/2025	Mairas y Red Construcciones	380	MATERIALES	380.1	Cemento x50kg bolsa AVELLANEDA	und	80,00	7.603,30	 $608.264,00
4/06/2025	Geobauen S.R.L	379	SERVICIO	379.2	Certificado de calibración	und	1,00	47.850,00	 $47.850,00
4/06/2025	Geobauen S.R.L	379	MATERIALES	379.1	Calibración nivel laser spectro	und	1,00	477.000,00	 $477.000,00
3/06/2025	Mairas y Red Construcciones	378	MATERIALES	378.2	Malla fibra de vidrio 5x5 rol 90g revoque	und	3,00	46.717,38	 $140.152,14
3/06/2025	Mairas y Red Construcciones	378	MATERIALES	378.1	Intomap 3 en 1 ar bags x 25 kg	und	1.280,00	5.596,45	 $7.163.456,00
3/06/2025	Segunor S.A.	377	MATERIALES	377.2	Casco seg. blanco con arnes	und	5,00	5.997,60	 $29.988,00
3/06/2025	Segunor S.A.	377	MATERIALES	377.1	Guantes dielectricos talle 11 l36cm dps1210336e	und	1,00	41.328,00	 $41.328,00
3/06/2025	Gabriel Carlos Woicik	376	MATERIALES	376.1	Pantalon cargo beige talle 42 y 54	und	2,00	21.000,00	 $42.000,00
3/06/2025	Corralón Laprida S.R.L	375	MATERIALES	375.1	Pallet vacío	und	1,00	19.008,26	 $19.008,26
3/06/2025	Sider Group S.A.	374	MATERIALES	374.2	Chapa trapezoidal c25 x6mts ancho	und	49,00	75.717,88	 $3.710.176,12
3/06/2025	Sider Group S.A.	374	MATERIALES	374.1	Chapa lista Galvanizada c30 2.00x 1.00 1.22 x 2.44	und	28,00	21.927,86	 $613.980,08
2/06/2025	Distribuidora Mei S.R.L	373	MATERIALES	373.1	Anclaje quimico fischer v1 30	und	5,00	25.206,61	 $126.033,05
22/05/2025	Alvarez Hector Adolfo	296	MANO DE OBRA	296.1	Colocación de lavatorio, construcción de measda, colocación de inodoro en el baño para damas del Local de Ventas	und	100,00	1.800,00	 $180.000,00
21/05/2025	Gersur S.A.	371	MATERIALES	371.1	Arena	m3	12,00	26.446,28	 $317.355,36
21/05/2025	Ruben Eduardo y Franchi	370	MATERIALES	370.3	Disco widia segmentado 4.5''	und	5,00	4.782,77	 $23.913,85
21/05/2025	Ruben Eduardo y Franchi	370	MATERIALES	370.2	Disco corte p/sensitiva 14''	und	5,00	8.126,54	 $40.632,70
21/05/2025	Ruben Eduardo y Franchi	370	MATERIALES	370.1	Disco widia segmentado 7''	und	2,00	9.885,54	 $19.771,08
21/05/2025	Gersur S.A.	369	MATERIALES	360.1	Arena	und	12,00	26.446,28	 $317.355,36
19/05/2025	Federación Patronal Seguros S.A	368	MATERIALES	368.1	Contrat. Seguro Respons. Civil. Respons. Civil. Suma asegurada $300.000.00 sin Franquicia asegurado Simende CO SRL asegurado baprisud S.A	und	1,00	796.271,08	 $796.271,08
18/05/2025	Miguel Muriel	292	MANO DE OBRA	292.1	Colocación de Dos capas de Protex Seal 77	m2	130,00	7.000,00	 $910.000,00
17/05/2025	Miguel Muriel	292	MANO DE OBRA	292.2	Hidro Lavado en Sala de Maquinas-Ascensores 	m2	20,00	1.300,00	 $26.000,00
16/05/2025	Miguel Muriel	292	MANO DE OBRA	292.3	Nivelación en cada Piso del edificio y verificado nivel de cada dintel. Para conocer el punto más alto - Losa y el Punto mas bajo - Dintel. 	und	15,00	80.000,00	 $1.200.000,00
16/05/2025	Ruben Eduardo y Franchi	367	MATERIALES	367.9	Cabo grueso de madera con rosc	und	3,00	3.015,70	 $9.047,10
16/05/2025	Ruben Eduardo y Franchi	367	MATERIALES	367.8	Escobillón barrendero	und	3,00	4.938,97	 $14.816,91
16/05/2025	Ruben Eduardo y Franchi	367	MATERIALES	367.7	Cinta Métrica de 8 mts	und	1,00	16.490,74	 $16.490,74
16/05/2025	Ruben Eduardo y Franchi	367	MATERIALES	367.6	Guantes Hilo Moteado	und	20,00	833,33	 $16.666,60
16/05/2025	Ruben Eduardo y Franchi	367	MATERIALES	367.5	Lapiz Carpintero	und	6,00	256,52	 $1.539,12
16/05/2025	Ruben Eduardo y Franchi	367	MATERIALES	367.4	Hoja de Cutter	und	20,00	106,74	 $2.134,80
16/05/2025	Ruben Eduardo y Franchi	367	MATERIALES	367.3	Cutter	und	4,00	2.121,90	 $8.487,60
16/05/2025	Ruben Eduardo y Franchi	367	MATERIALES	367.2	Martillo carpintero 650 grs largo 35 cm	und	3,00	22.909,10	 $68.727,30
16/05/2025	Ruben Eduardo y Franchi	367	MATERIALES	367.1	Punta Phillips PH2	und	20,00	699,56	 $13.991,20
16/05/2025	Pilisar Sociedad Anonima	366	MATERIALES	366.1	Horno Microondas	und	1,00	90.908,26	 $90.908,26
16/05/2025	Pilisar Sociedad Anonima	365	MATERIALES	365.1	Heladera bajo mesada 78 a 125L 220V	und	1,00	206.610,74	 $206.610,74
15/05/2025	Miguel Muriel	293	MANO DE OBRA	293.1	Demolición de Muro Antepecho de la Azotea, de ladrillo hueco cerámico 12x18x33. Incluye manupulicación del material hasta PB incluye la colocación de mediasombra y la bajada de limpieza del sitio de trabajo hasta PB	m2	43,50	25.000,00	 $1.087.500,00
15/05/2025	Miguel Muriel	293	MANO DE OBRA	293.2	Demolición de Dinteles que no cumplan con los parametros de Seguridad y Calidad. Incluye la colocación de mediasombra y la bajada de limpieza del sitio de trabajo hasta PB	und	252,00	16.000,00	 $4.032.000,00
15/05/2025	El Galón Sanitario	362	MATERIALES	362.1	Codo HH 110 a 90° AWADUC Codo HH 110x90 Duratop	und	8,00	2.459,00	 $19.672,00
15/05/2025	Corralón Laprida S.R.L	361	MATERIALES	361.2	Cemento x50 kg bolsa	und	40,00	7.677,69	 $307.107,60
15/05/2025	Corralón Laprida S.R.L	361	MATERIALES	361.1	Ladrillos huecos del 12 12x18x33	und	864,00	577,19	 $498.692,16
15/05/2025	Cradem	288	GESTIÓN ELABORACIÓN DE PROYECTO INSTALACIÓN ELÉCTRICA	288.1	Elamobración de Proyecto Instalación Eléctrica	GL	1,00	9.000.000,00	 $9.000.000,00
13/05/2025	Tripiciano Natalia Cecilia	359	MATERIALES	359.5	Rodillo pelo corto de 7°	und	6,00	2.561,98	 $15.371,88
13/05/2025	Tripiciano Natalia Cecilia	359	MATERIALES	359.4	Rodillo antigota N°22	und	6,00	8.264,46	 $49.586,76
13/05/2025	Tripiciano Natalia Cecilia	359	MATERIALES	359.3	Pintura aerosol negro 430ML	und	2,00	4.834,71	 $9.669,42
13/05/2025	Tripiciano Natalia Cecilia	359	MATERIALES	359.2	GFalgo pincel silver N°25	und	5,00	7.014,05	 $35.070,25
13/05/2025	Tripiciano Natalia Cecilia	359	MATERIALES	359.1	Pinceleta N°50	und	5,00	7.272,73	 $36.363,65
12/05/2025	Miguel Muriel	294	MANO DE OBRA	294.1	Construcción de Muro Antepecho de la Azotea, de ladrillo hueco cerámico 12x18x33. Incluye manipulación del material desde P.B hasta Azotea.	m2	43,50	25.000,00	 $1.087.500,00
12/05/2025	Miguel Muriel	294	MANO DE OBRA	294.2	Construccion de Columnas de soporte (Machones). Incluye el armado del hierro, colocación del encofrado y llenado con hormigión. Dim: 0.20x9.0	ml	27,00	23.000,00	 $621.000,00
12/05/2025	Miguel Muriel	294	MANO DE OBRA	294.3	Construcción de Viga de Encadenado en Muro-Antepecho de Azotea. Incluye el armado del hierro, colocación del encofrado y llenado con hormigón. Dim: 0.12x0.20	ml	80,00	23.000,00	 $1.840.000,00
12/05/2025	Miguel Muriel	294	MANO DE OBRA	294.4	Construcción de Dinteles en: Ventanas de Habitaciones, Baños, Cocina y Living Comedor, todo en edificio. Incluye: Colocación de barras, encofrado requerido y ladrillos hasta la altura de losa de techo.	und	252,00	25.000,00	 $6.300.000,00
12/05/2025	Miguel Muriel	294	MANO DE OBRA	294.5	Colocación de Premarcos.	und	252,00	15.000,00	 $3.780.000,00
12/05/2025	Miguel Muriel	295	MANO DE OBRA	295.1	Revoque a mano de Módulo de Escaleras, Incluye salpicar la pared de ladrillo, con lechada de mortero arena-cemento, para garantizar la adherencia del revoque.	m2	179,00	12.000,00	 $2.148.000,00
30/04/2025	Miguel Muriel	285	MANO DE OBRA	285.1	Demolición de pared en la Sala de Usos Múltiples, la cual presentaba riesgo de desplome. Incluye el traslado manual del material proveniente de la demolición hasta el patio de planta baja. Desencofrado y limpieza de la madera existente en las vigas invertidas del Nivel 15 y en los 28 balcones del edificio. Comprende el retiro de madera incrustada en la losa y el traslado del material al patio de planta baja. Hidrolavado de toda la superficie superior del techo del Nivel 15 y de los 28 balcones. Aplicación de Protex Seal 77 en dos capas sobre el Nivel 15 (techo) y en las superficies de las vigas invertidas perimetrales de cada ambiente y de los 28 balcones. Eliminación de tacos de madera del encofrado. Incluye limpieza interna, relleno con hormigón y aplicación de gasa con puente adherente. Corrección de pendientes en balcones mediante mortero de arena y cemento, garantizando el correcto drenaje hacia el orificio del colector principal del edificio. Limpieza del patio de planta baja y de los locales comerciales N° 5, 6 y 7. Colocación de malla de seguridad naranja en el Nivel 15. Pintura en paredes de baños, colocación y pintura de puertas de vestuarios.	und	100,00	55.017,00	 $5.501.700,00
22/04/2025	Segunor S.A.	352	MATERIALES	352.2	Malla naranja	und	20,00	19.208,00	 $384.160,00
22/04/2025	Segunor S.A.	352	MATERIALES	352.1	Electrodos 2.5MM punta azul	und	30,00	8.803,77	 $264.113,10
22/04/2025	Annacondia Jose Maria	351	MATERIALES	351.6	Tornillo T1 Punta Aguja	und	500,00	12,50	 $6.250,00
22/04/2025	Annacondia Jose Maria	351	MATERIALES	351.5	Tornillo T2 Punta Aguja	und	500,00	9,00	 $4.500,00
22/04/2025	Annacondia Jose Maria	351	MATERIALES	351.4	Tornillos hexas autoperf	und	500,00	65,00	 $32.500,00
22/04/2025	Annacondia Jose Maria	351	MATERIALES	351.3	Fijación tarugo+tornillo 8 LAD	und	500,00	67,00	 $33.500,00
22/04/2025	Annacondia Jose Maria	351	MATERIALES	351.2	Fijación tarugo+tornillo 8	und	500,00	51,00	 $25.500,00
22/04/2025	Annacondia Jose Maria	351	MATERIALES	351.1	Disco de corte 4,5''	und	20,00	626,44	 $12.528,80
21/04/2025	Di Toro Hnos S.A.	280	MATERIALES	280.6	Pinceleta galgo n°50	und	2,00	4.623,47	 $9.246,94
21/04/2025	Di Toro Hnos S.A.	280	MATERIALES	280.5	Rodillo pelo corto 7'' para bar	und	2,00	4.070,08	 $8.140,16
21/04/2025	Di Toro Hnos S.A.	280	MATERIALES	280.4	Pincel N°15	und	1,00	1.635,17	 $1.635,17
21/04/2025	Di Toro Hnos S.A.	280	MATERIALES	280.3	Galgo pincel silver n°20	und	1,00	2.006,48	 $2.006,48
21/04/2025	Di Toro Hnos S.A.	280	MATERIALES	280.2	Esmalte sintético	und	16,00	5.882,73	 $94.123,68
21/04/2025	Di Toro Hnos S.A.	280	MATERIALES	280.1	Aguarrás mineral	und	18,00	1.886,54	 $33.957,72
17/04/2025	El Galpón Sanitario	349	MATERIALES	349.8	Canillas 1/2'' plastica para la canilla lavat. 221 pico lev. c/cruz	und	1,00	23.179,36	 $23.179,36
17/04/2025	El Galpón Sanitario	349	MATERIALES	349.7	Adaptador tanque PPN 1/1	und	1,00	1.547,25	 $1.547,25
17/04/2025	El Galpón Sanitario	349	MATERIALES	349.6	Canillas para mesada un agua	und	1,00	15.254,90	 $15.254,90
17/04/2025	El Galpón Sanitario	349	MATERIALES	349.5	Lluvia M Plastica Completa	und	3,00	6.601,05	 $19.803,15
17/04/2025	El Galpón Sanitario	349	MATERIALES	349.4	Pileta de lavar PVC chica 49x43x28 DU	und	1,00	17.470,70	 $17.470,70
17/04/2025	El Galpón Sanitario	349	MATERIALES	349.3	Sopapa PVC 40 cromo	und	2,00	2.517,86	 $5.035,72
17/04/2025	El Galpón Sanitario	349	MATERIALES	349.2	Asiento inodoro Floren. TSX4 T RAFUL OFERTA	und	2,00	28.960,95	 $57.921,90
17/04/2025	El Galpón Sanitario	349	MATERIALES	349.1	Mochila PVC Codo Ideal	und	2,00	25.085,86	 $50.171,72
16/04/2025	Motorcisa	279	MANO DE OBRA	279.2	Trabajo de apuntalamiento de cerco perimetral interno en terrazas de quilmes caido por tormenta dias 1 y 2 de marzo. Concurren tres operarios	GL	100,00	6.000,00	 $600.000,00
16/04/2025	Motorcisa	279	MANO DE OBRA	279.1	Movimiento de suelo/personal asignado a servicio de nivelación final de PB con pala retro más operario y dos aytes. Incluye 6 viajes de camión volcador para retiro de residuos y descarga d	GL	100,00	12.000,00	 $1.200.000,00
4/04/2025	Miguel Muriel	277	MANO DE OBRA	277.1	Fabricación y Construcción de Cerco Perimetral - 1. Excavación de hueco para incar columnas de cerco. 2. Colocación, Nivelación y aplomado de coumnas en terreno. 3. Hormigonado de la fundación de cada columna. 4. Colocación de chapas, Incluye: excavación a lo largo del cerco dque lo necesite. 5. Retiro de cerco de madera y limpieza dgeneral de la zona de los vecions aledañas	GL	100,00	40.275,00	 $4.027.500,00
4/04/2025	El Galpón Sanitario	342	MATERIALES	342.9	Codo HH 40x90 mm Duratop.	und	5,00	493,88	 $2.469,40
4/04/2025	El Galpón Sanitario	342	MATERIALES	342.8	Codo HH 50x90 mm Duratop.	und	5,00	684,57	 $3.422,85
4/04/2025	El Galpón Sanitario	342	MATERIALES	342.7	Codo HH 63x45 mm Duratop.	und	5,00	880,64	 $4.403,20
4/04/2025	El Galpón Sanitario	342	MATERIALES	342.6	Gomas de goyete para inodoro Ferrum.	und	4,00	2.370,89	 $9.483,56
4/04/2025	El Galpón Sanitario	342	MATERIALES	342.5	Tarugos N°8 marca Redex.	und	24,00	29,32	 $703,68
4/04/2025	El Galpón Sanitario	342	MATERIALES	342.4	Tornillos para inodoro cromados 22x70 mm.	und	24,00	571,97	 $13.727,28
4/04/2025	El Galpón Sanitario	342	MATERIALES	342.3	Asiento para inodoro blanco Concordplast.	und	2,00	13.333,01	 $26.666,02
4/04/2025	El Galpón Sanitario	342	MATERIALES	342.2	Inodoro corto Andina blanco Ferrum.	und	2,00	62.992,76	 $125.985,52
4/04/2025	El Galpón Sanitario	342	MATERIALES	342.14	Tubo macho 25 mm Aquasystem.	und	6,00	2.573,43	 $15.440,58
4/04/2025	El Galpón Sanitario	342	MATERIALES	342.13	Unión doble 25 mm Aquasystem.	und	4,00	1.752,81	 $7.011,24
4/04/2025	El Galpón Sanitario	342	MATERIALES	342.12	Reducción 20x25 mm Aquasystem (buje red 25x20).	und	6,00	373,95	 $2.243,70
4/04/2025	El Galpón Sanitario	342	MATERIALES	342.11	Codo MH 40x45 mm Duratop.	und	3,00	407,28	 $1.221,84
4/04/2025	El Galpón Sanitario	342	MATERIALES	342.10	Codo HH 40x45 mm Duratop.	und	5,00	517,12	 $2.585,60
4/04/2025	El Galpón Sanitario	342	MATERIALES	342.1	Mochila de PVC con codo Ideal.	und	2,00	23.831,56	 $47.663,12
4/04/2025	Annacondia Jose Maria	341	MATERIALES	341.1	Tornillos hexas autoperf	und	350,00	27.188,00	 $9.515.800,00
14/03/2025	Miguel Muriel	271	MANO DE OBRA	271.1	ALBAÑILERIA MANO DE OBRA -- Aplicación de 2 capas de epoxy, hidrófugo (protex seal 77) en piso de azotea a brocha -- Colocación de malla electrosoldada, malla naranja y tapar madera en todos los ductos y servicios, tanto en ventanas, palieres y azotea de PB azotea inclue techo depto piso 15 -- Instalación de clumnas necesarias para los portones de entrada a la  bar -- Perforación de orificios para el agua que se retiene en la azotea -- Construcción de cordón de ladrillos y revoque-cerecita en los bordes de cada ventana de aireación-subsuelo. Colocación tapa -- Extracción de tacos de madera empotrados en la losa y colocar relleno de reposición	GL	100,00	38.000,00	 $3.800.000,00
12/03/2025	Miguel Muriel	270	MANO DE OBRA	270.1	TAREAS POR ADMINISTRACIÓN - Barrido, recolección y eliminación de encofrados adheridos a la estructura en azotea -- Baja de escombros y basura hasta el lugar selecccionado en terreno de PB -- Limpieza de todos los escombros -- Traslado de escombros fuera de la azotea, dptos. de cada piso, para luego comenzar su disposición en terreno de PB. -- Limpieza del módulo de escalera de todo el edificio, desde la azotea hasta subsuelo -- Hidrolavado de todo el área de la azotea -- Hidrolavado a todo el módulo de escaleras, sala de máquinas a subsuelo -- Colocación de malla electrosoldada y malla naranja de seguridad en zona de fachadas a los balcones en la azotea -- Colocación de malla electrosoldada, maderas o barras y malla naranja de seguridad en todas las ventanas, frontar ascensor y plenos de servicio del edificio, desde el P1 hasta el piso P14 -- Limpieza de todos los departamentos y palieres del edificio -- Instalación de columna para la colocación de los portones de entrada a la obra	GL	100,00	22.800,00	 $2.280.000,00
10/03/2025	El Galpón Sanitario	335	MATERIALES	335.9	Cupla termofusión 25 mm.	und	10,00	272,60	 $2.726,00
10/03/2025	El Galpón Sanitario	335	MATERIALES	335.8	Caño Ø20 PN25 Aquasystem.	und	5,00	3.904,06	 $19.520,30
10/03/2025	El Galpón Sanitario	335	MATERIALES	335.7	Caño Ø25 PN25 Aquasystem.	und	6,00	5.677,17	 $34.063,02
10/03/2025	El Galpón Sanitario	335	MATERIALES	335.6	Llave de paso 25 mm polipropileno blanco Aquasystem.	und	2,00	7.852,83	 $91.452,00
10/03/2025	El Galpón Sanitario	335	MATERIALES	335.5	Cupla termofusión 20 mm.	und	10,00	187,54	 $1.875,40
10/03/2025	El Galpón Sanitario	335	MATERIALES	335.4	Codo rosca hembra 25x3/4” a 90° Aquasystem.	und	4,00	1.887,32	 $7.549,28
10/03/2025	El Galpón Sanitario	335	MATERIALES	335.3	Codo normal 25x90° Aquasystem.	und	25,00	360,28	 $9.007,00
10/03/2025	El Galpón Sanitario	335	 MATERIALES	335.29	Boca de acceso Ø63 mm Duratop.	und	1,00	3.591,09	 $3.591,09
10/03/2025	El Galpón Sanitario	335	MATERIALES	335.28	Llave de fusión externa 20 mm Aquasystem.	und	8,00	6.287,25	 $50.298,00
10/03/2025	El Galpón Sanitario	335	MATERIALES	335.27	Tubo macho 20 mm Aquasystem.	und	8,00	1.612,89	 $12.903,12
10/03/2025	El Galpón Sanitario	335	MATERIALES	335.26	Tubo hembra 25 mm Aquasystem.	und	2,00	1.887,32	 $3.774,64
10/03/2025	El Galpón Sanitario	335	MATERIALES	335.25	Tubo hembra 20 mm Aquasystem.	und	6,00	1.245,76	 $7.474,56
10/03/2025	El Galpón Sanitario	335	MATERIALES	335.24	Termotanque eléctrico.	und	1,00	174.840,16	 $174.840,16
10/03/2025	El Galpón Sanitario	335	MATERIALES	335.23	Fijaciones Ø8 mm.	und	120,00	64,30	 $7.716,00
10/03/2025	El Galpón Sanitario	335	MATERIALES	335.22	Tarugo para hueco N°8 con tope.	und	120,00	78,81	 $5.487.120,00
10/03/2025	El Galpón Sanitario	335	MATERIALES	335.21	Grampa tipo Omega 1/2”.	und	30,00	311,55	 $9.346,50
10/03/2025	El Galpón Sanitario	335	MATERIALES	335.20	Grampa tipo Omega 3/4”.	und	30,00	338,95	 $10.168,50
10/03/2025	El Galpón Sanitario	335	MATERIALES	335.2	Codo normal 20x90° Aquasystem.	und	30,00	232,33	 $6.969,90
10/03/2025	El Galpón Sanitario	335	MATERIALES	335.19	Silicona en aerosol (solución sellante).	und	4,00	2.984,32	 $11.937,28
10/03/2025	El Galpón Sanitario	335	MATERIALES	335.18	Manguito de reparación Ø110 mm Duratop.	und	5,00	1.605,63	 $8.028,15
10/03/2025	El Galpón Sanitario	335	MATERIALES	335.17	Codo MH 110x45° Duratop.	und	6,00	1.274,63	 $7.647,78
10/03/2025	El Galpón Sanitario	335	MATERIALES	335.16	Ramal 110x63 mm a 45°.	und	4,00	2.399,00	 $9.596,00
10/03/2025	El Galpón Sanitario	335	MATERIALES	335.15	Pileta de patio Ø110 mm chica Duratop.	und	1,00	4.030,19	 $4.030,19
10/03/2025	El Galpón Sanitario	335	MATERIALES	335.14	Pileta de patio Ø63 mm Duratop.	und	1,00	4.030,19	 $45.726,00
10/03/2025	El Galpón Sanitario	335	MATERIALES	335.13	Codo HH 110x45° Duratop.	und	10,00	1.792,62	 $17.926,20
10/03/2025	El Galpón Sanitario	335	MATERIALES	335.12	Ramal 110x50 mm a 45°.	und	8,00	3.443,77	 $27.550,16
10/03/2025	El Galpón Sanitario	335	MATERIALES	335.11	Codo 20 mm con rosca 1/2” Aquasystem.	und	20,00	1.176,32	 $23.526,40
10/03/2025	El Galpón Sanitario	335	MATERIALES	335.10	Flexible mallado 1/2” x 30 cm.	und	8,00	3.631,57	 $29.052,56
10/03/2025	El Galpón Sanitario	335	MATERIALES	335.1	Tee 25x20 mm Aquasystem.	und	22,00	527,36	 $11.601,92
6/03/2025	Segunor S.A.	332	MATERIALES	332.1	Disco de corte p/sensitiva 14''	und	10,00	8.684,10	 $86.841,00
6/03/2025	Prokrete Argentina S.A.	331	MATERIALES	331.2	Puente Adherente Tambor por 200kg protex super ligante	und	200,00	2.679,52	 $535.904,00
6/03/2025	Prokrete Argentina S.A.	331	MATERIALES	331.1	Protex Seal 77 Flex BI Componente	und	112,00	22.050,00	 $2.469.600,00
6/03/2025	Gersur S.A.	330	MATERIALES	330.2	Ladrillos huecos 8x18x33	und	3.136,00	479,34	 $1.503.210,24
6/03/2025	Gersur S.A.	330	MATERIALES	330.1	Hierro dulce 6 mm	und	200,00	3.305,78	 $661.156,00
6/03/2025	Extintor Sur S.R.L	329	MATERIALES	329.3	Precarga polvo ABC x kg	und	20,00	6.611,57	 $132.231,40
6/03/2025	Extintor Sur S.R.L	329	MATERIALES	329.2	Mantenimiento anual ABC x 5 kg	und	16,00	16.942,15	 $271.074,40
6/03/2025	Extintor Sur S.R.L	329	MATERIALES	329.1	Mantenimiento anual ABC x 10 kg	und	3,00	19.008,26	 $57.024,78
5/03/2025	Di Toro Hnos S.A.	268	MATERIALES	268.3	Convert de óxido negro x4lts	und	4,00	29.152,26	 $116.609,04
5/03/2025	Di Toro Hnos S.A.	268	MATERIALES	268.2	Aguarrás mineral	und	18,00	1.886,55	 $33.957,90
5/03/2025	Di Toro Hnos S.A.	268	MATERIALES	268.1	Pincel N°10	und	5,00	1.230,25	 $6.151,25
5/03/2025	Hector Adolfo Alvarez	267	MANO DE OBRA	267.1	Instalación sanitaria fría y caliente para baños y duchas del personal	GL	100,00	15.000,00	 $1.500.000,00
27/02/2025	Jose Maria Mandile	328	MATERIALES	328.1	Bisagra torneada 32x100mm	und	8,00	15.495,88	 $123.967,04
27/02/2025	Digital Lugano S.R.L.	327	MATERIALES	327.9	Abrazadera PVC tipo “U” M20 abierta.	und	60,00	79,40	 $4.764,00
27/02/2025	Digital Lugano S.R.L.	327	MATERIALES	327.8	Caja octogonal PVC eléctrica.	und	30,00	294,05	 $8.821,50
27/02/2025	Digital Lugano S.R.L.	327	MATERIALES	327.7	Codo PVC rígido 3/4” para instalación eléctrica.	und	50,00	160,50	 $8.025,00
27/02/2025	Digital Lugano S.R.L.	327	MATERIALES	327.6	Caño PVC rígido 3/4” para instalación eléctrica.	und	140,00	276,45	 $38.703,00
27/02/2025	Digital Lugano S.R.L.	327	MATERIALES	327.5	Cable unipolar 1,5 mm² color celeste.	und	70,00	254,57	 $17.819,90
27/02/2025	Digital Lugano S.R.L.	327	MATERIALES	327.4	Cable unipolar 1,5 mm² color negro.	und	70,00	254,57	 $17.819,90
27/02/2025	Digital Lugano S.R.L.	327	MATERIALES	327.3	Cable unipolar 2,5 mm² color verde/amarillo.	und	70,00	410,19	 $28.713,30
27/02/2025	Digital Lugano S.R.L.	327	MATERIALES	327.21	Toma 20A blanco, 1 módulo.	und	1,00	889,28	 $889,28
27/02/2025	Digital Lugano S.R.L.	327	MATERIALES	327.20	Tapón ciego blanco, 1 módulo.	und	38,00	54,14	 $2.057,32
27/02/2025	Digital Lugano S.R.L.	327	MATERIALES	327.2	Cable unipolar 2,5 mm² color celeste.	und	70,00	410,19	 $28.713,30
27/02/2025	Digital Lugano S.R.L.	327	MATERIALES	327.19	Toma simple 10A 220V blanco, 1 módulo.	und	8,00	477,23	 $3.817,84
27/02/2025	Digital Lugano S.R.L.	327	MATERIALES	327.18	Llave simple 10A blanca.	und	15,00	434,99	 $6.524,85
27/02/2025	Digital Lugano S.R.L.	327	MATERIALES	327.17	Toma doble 10A 220V blanco, 3 módulos.	und	15,00	1.262,37	 $18.935,55
27/02/2025	Digital Lugano S.R.L.	327	MATERIALES	327.16	Tapa 5x10 cm blanca PVC.	und	34,00	240,83	 $8.188,22
27/02/2025	Digital Lugano S.R.L.	327	MATERIALES	327.15	Bastidor de luz PVC.	und	34,00	233,37	 $7.934,58
27/02/2025	Digital Lugano S.R.L.	327	MATERIALES	327.14	Caja rectangular PVC eléctrica.	und	34,00	392,89	 $13.358,26
27/02/2025	Digital Lugano S.R.L.	327	MATERIALES	327.13	Tubo LED 18W.	und	20,00	2.022,29	 $40.445,80
27/02/2025	Digital Lugano S.R.L.	327	MATERIALES	327.12	Artefacto estanco LED 2x18W.	und	10,00	15.861,82	 $158.618,20
27/02/2025	Digital Lugano S.R.L.	327	MATERIALES	327.11	Conector de luz PVC 3/4”.	und	60,00	134,98	 $8.098,80
27/02/2025	Digital Lugano S.R.L.	327	MATERIALES	327.10	Cupla de luz PVC 3/4”.	und	50,00	102,08	 $5.104,00
27/02/2025	Digital Lugano S.R.L.	327	MATERIALES	327.1	Cable unipolar 2,5 mm² color marrón.	und	70,00	410,19	 $28.713,30
21/02/2025	Miguel Muriel	264	MANO DE OBRA	264.1	Mano de obra Albañilería	und	100,00	53.000,00	 $5.300.000,00
21/02/2025	Motorcisa	265	MANO DE OBRA	265.1	Movimiento de suelo y retiro de escombro en camiones	und	18,00	60.000,00	 $1.080.000,00
17/02/2025	Guillermo Juan Montanari	262	MATERIALES	262.1	Cerecita tambor x200 kg Hidrófugo x200 cimiento	und	1,00	110.250,00	 $110.250,00
17/02/2025	Segunor	261	MATERIALES	261.9	Mecha de widia sds de 12	und	3,00	2.154,97	 $6.464,91
17/02/2025	Segunor	261	MATERIALES	261.8	Mecha de widia sds del 10	und	3,00	1.948,46	 $5.845,38
17/02/2025	Segunor	261	MATERIALES	261.7	Mecha de widia 8 encastre sds	 un	3,00	1.602,67	 $4.808,01
17/02/2025	Segunor	261	MATERIALES	261.6	Mecha de acero rapida del 13	und	3,00	12.537,57	 $37.612,71
17/02/2025	Segunor	261	MATERIALES	261.5	Mecha de acero rapida del 12	und	2,00	10.005,94	 $20.011,88
17/02/2025	Segunor	261	MATERIALES	261.4	Mecha de acero rapida del 10	und	2,00	6.006,98	 $12.013,96
17/02/2025	Segunor	261	MATERIALES	261.3	Mecha cacero rapidade 8 mm	und	2,00	3.888,38	 $7.776,76
17/02/2025	Segunor	261	MATERIALES	261.2	Disco de corte 4,5'' Disco 115mm x 1,6m Tyrolit	und	50,00	1.886,72	 $94.336,00
17/02/2025	Segunor	261	MATERIALES	261.18	Disco p/circular madera 9 1/4 25 mm Disco de sierra circular Ecoli ne 184, orificio de 20mm, 1.4 mm de espesor, 60 dientes	und	1,00	27.215,25	 $27.215,25
17/02/2025	Segunor	261	MATERIALES	261.17	Candado	und	10,00	12.222,41	 $122.224,10
17/02/2025	Segunor	261	MATERIALES	261.16	Soporte Gancho Matafuego pared	und	10,00	1.391,00	 $13.910,00
17/02/2025	Segunor	261	MATERIALES	261.15	Chapa baliza 22x80cm	und	20,00	2.936,08	 $58.721,60
17/02/2025	Segunor	261	MATERIALES	261.14	Malla de seguridad naranja x rollo 50 ml	und	10,00	19.763,49	 $197.634,90
17/02/2025	Segunor	261	EPP	261.13	Guantes de hilo moteado	und	60,00	645,34	 $38.720,40
17/02/2025	Segunor	261	EPP	261.12	Lentes oscuros protección ocular	und	24,00	1.659,44	 $39.826,56
17/02/2025	Segunor	261	EPP	261.11	Lentes transarentes protección ocular	und	24,00	1.659,44	 $39.826,56
17/02/2025	Segunor	261	MATERIALES	261.10	Mecha de widia sds de 13	und	3,00	2.839,44	 $8.518,32
17/02/2025	Segunor	261	MATERIALES	261.1	Electrodos 2.5mm punta azul Conarco	und	20,00	8.446,63	 $168.932,60
16/02/2025	El Galpón Sanitario	322	MATERIALES	322.5	Tee 3/4'' termofusión acq acq.system	und	20,00	531,00	 $10.620,00
16/02/2025	El Galpón Sanitario	322	MATERIALES	322.4	Codo a 45 3/4'' ACQ	und	20,00	518,34	 $10.366,80
15/02/2025	El Galpón Sanitario	322	MATERIALES	322.3	Caños termofusión 3/4''	und	10,00	5.803,33	 $58.033,30
14/02/2025	Sider Group S.A.	324	MATERIALES	324.1	Chapa trapezoidal modelo t-101	und	68,00	37.131,41	 $2.524.935,88
14/02/2025	El Galpón Sanitario	322	MATERIALES	322.2	Tee 110 awaduct	und	20,00	2.805,50	 $56.110,00
14/02/2025	Motorcisa	260	MANO DE OBRA	260.3	Personal afectado a tareas de movimiento	und	5,00	170.000,00	 $850.000,00
14/02/2025	Motorcisa	260	MANO DE OBRA	260.2	Movimiento de suelo y retiro de escombro en camiones	und	40,00	65.000,00	 $2.600.000,00
14/02/2025	Motorcisa	260	MANO DE OBRA	260.1	Movimiento de suelo retroexcavadora	und	5,00	450.000,00	 $2.250.000,00
13/02/2025	Digital Lugano S.R.L.	323	MATERIALES	323.4	Ficha 2x10 a Macho	und	20,00	683,27	 $13.665,40
13/02/2025	Digital Lugano S.R.L.	323	MATERIALES	323.3	Ficha 2x10 a Hembra	und	20,00	683,27	 $13.665,40
13/02/2025	Digital Lugano S.R.L.	323	MATERIALES	323.2	Cinta autovulcanizante	und	10,00	7.504,81	 $75.048,10
13/02/2025	Digital Lugano S.R.L.	323	MATERIALES	323.1	Cinta aislante	und	20,00	1.773,45	 $35.469,00
13/02/2025	El Galpón Sanitario	322	MATERIALES	322.1	Caño 110 x 4 mts con o'ring aw	und	20,00	12.256,94	 $245.138,80
13/02/2025	Gersur S.A.	321	MATERIALES	321.7	Clavos punta paris 2 y 1/2''	und	20,00	4.132,23	 $82.644,60
13/02/2025	Gersur S.A.	321	MATERIALES	321.6	Clavos punta paris 2''	und	20,00	4.132,23	 $82.644,60
13/02/2025	Gersur S.A.	321	MATERIALES	321.5	Mampostería Ladrillo hueco 12	und	720,00	537,19	 $386.776,80
13/02/2025	Gersur S.A.	321	MATERIALES	321.4	Arena	und	8,00	26.446,28	 $211.570,24
13/02/2025	Gersur S.A.	321	MATERIALES	321.3	Cal Cacique	und	55,00	5.785,12	 $318.181,60
13/02/2025	Gersur S.A.	321	MATERIALES	321.2	Cemento x50 kg bolsa	und	120,00	8.677,68	 $1.041.321,60
13/02/2025	Gersur S.A.	321	MATERIALES	321.1	Piedra partida	und	8,00	49.586,77	 $396.694,16
11/02/2025	Digital Lugano S.R.L.	319	MATERIALES	319.2	Lampara Foco Led 12w	und	30,00	832,82	 $24.984,60
11/02/2025	Digital Lugano S.R.L.	319	MATERIALES	319.1	Porta lampara f/foco 12w	und	30,00	229,99	 $6.899,70
10/02/2025	Sanitarios Cacho S.A.C.I.F.I	318	MATERIALES	318.1	Canillas 1/2'' plastica	und	13,00	1.953,90	 $25.400,70